อันดับ,ชื่อนายกรัฐมนตรี,ตำแหน่ง,ชื่อ-นามสกุล,กระทรวง,พรรคการเมืองที่สังกัด,วันที่เริ่มต้นตำแหน่ง,วันที่สิ้นสุดตำแหน่ง
65,อนุทิน ชาญวีรกูล,นายกรัฐมนตรี,อนุทิน ชาญวีรกูล,สำนักนายกรัฐมนตรี,ภูมิใจไทย,2025-09-19,
65,อนุทิน ชาญวีรกูล,รัฐมนตรีว่าการ,อนุทิน ชาญวีรกูล,กระทรวงมหาดไทย,ภูมิใจไทย,2025-09-19,
65,อนุทิน ชาญวีรกูล,รัฐมนตรีว่าการ,เอกนิติ นิติทัณฑ์ประภาศ,กระทรวงการคลัง,ไม่สังกัดพรรค,2025-09-19,
65,อนุทิน ชาญวีรกูล,รัฐมนตรีว่าการ,ธรรมนัส พรหมเผ่า,กระทรวงเกษตรและสหกรณ์,พลังประชารัฐ,2025-09-19,
65,อนุทิน ชาญวีรกูล,รัฐมนตรีว่าการ,ณัฐพล นาคพาณิชย์,กระทรวงกลาโหม,ไม่สังกัดพรรค,2025-09-19,
65,อนุทิน ชาญวีรกูล,รัฐมนตรีว่าการ,สีหศักดิ์ พวงเกตุแก้ว,กระทรวงการต่างประเทศ,ไม่สังกัดพรรค,2025-09-19,
65,อนุทิน ชาญวีรกูล,รัฐมนตรีว่าการ,อรรถกร ศิริลัทธยากร,กระทรวงการท่องเที่ยวและกีฬา,ภูมิใจไทย,2025-09-19,
65,อนุทิน ชาญวีรกูล,รัฐมนตรีว่าการ,อัครา พรหมเผ่า,กระทรวงการพัฒนาสังคมและความมั่นคงของมนุษย์,พลังประชารัฐ,2025-09-19,
65,อนุทิน ชาญวีรกูล,รัฐมนตรีว่าการ,สุรศักดิ์ พันธ์เจริญวรกุล,กระทรวงอุดมศึกษา วิทยาศาสตร์ วิจัยและนวัตกรรม,ไม่สังกัดพรรค,2025-09-19,
65,อนุทิน ชาญวีรกูล,รัฐมนตรีว่าการ,ไชยชนก ชิดชอบ,กระทรวงดิจิทัลเพื่อเศรษฐกิจและสังคม,ภูมิใจไทย,2025-09-19,
65,อนุทิน ชาญวีรกูล,รัฐมนตรีว่าการ,อรรถพล ฤกษ์พิบูลย์,กระทรวงพลังงาน,ไม่สังกัดพรรค,2025-09-19,
65,อนุทิน ชาญวีรกูล,รัฐมนตรีว่าการ,ศุภจี สุธรรมพันธุ์,กระทรวงพาณิชย์,ไม่สังกัดพรรค,2025-09-19,
65,อนุทิน ชาญวีรกูล,รัฐมนตรีว่าการ,พลตำรวจตรี รุทธพล เนาวรัตน์,กระทรวงยุติธรรม,ไม่สังกัดพรรค,2025-09-19,
65,อนุทิน ชาญวีรกูล,รัฐมนตรีว่าการ,ตรีนุช เทียนทอง,กระทรวงแรงงาน,พลังประชารัฐ,2025-09-19,
65,อนุทิน ชาญวีรกูล,รัฐมนตรีว่าการ,นฤมล ภิญโญสินวัฒน์,กระทรวงศึกษาธิการ,พลังประชารัฐ,2025-09-19,
65,อนุทิน ชาญวีรกูล,รัฐมนตรีว่าการ,พัฒนา พร้อมพัฒน์,กระทรวงสาธารณสุข,ชาติไทยพัฒนา,2025-09-19,
65,อนุทิน ชาญวีรกูล,รัฐมนตรีว่าการ,ซาบีดา ไทยเศรษฐ์,กระทรวงวัฒนธรรม,ภูมิใจไทย,2025-09-19,
65,อนุทิน ชาญวีรกูล,รัฐมนตรีว่าการ,ธนกร วังบุญคงชนะ,กระทรวงอุตสาหกรรม,รวมไทยสร้างชาติ,2025-09-19,
64,แพทองธาร ชินวัตร,นายกรัฐมนตรี,แพทองธาร ชินวัตร,สำนักนายกรัฐมนตรี,เพื่อไทย,2024-08-16,2025-07-01
64,แพทองธาร ชินวัตร,รัฐมนตรีว่าการ,ภูมิธรรม เวชยชัย,กระทรวงกลาโหม,เพื่อไทย,2024-08-16,2025-07-01
64,แพทองธาร ชินวัตร,รัฐมนตรีว่าการ,จุลพันธ์ อมรวิวัฒน์,กระทรวงการคลัง,เพื่อไทย,2024-08-16,2025-07-01
64,แพทองธาร ชินวัตร,รัฐมนตรีว่าการ,มาริษ เสงี่ยมพงษ์,กระทรวงการต่างประเทศ,เพื่อไทย,2024-08-16,2025-07-01
64,แพทองธาร ชินวัตร,รัฐมนตรีว่าการ,สุดาวรรณ หวังศุภกิจโกศล,กระทรวงการท่องเที่ยวและกีฬา,เพื่อไทย,2024-08-16,2025-07-01
64,แพทองธาร ชินวัตร,รัฐมนตรีว่าการ,วราวุธ ศิลปอาชา,กระทรวงการพัฒนาสังคมและความมั่นคงของมนุษย์,ชาติไทยพัฒนา,2024-08-16,2025-07-01
64,แพทองธาร ชินวัตร,รัฐมนตรีว่าการ,ธรรมนัส พรหมเผ่า,กระทรวงเกษตรและสหกรณ์,พลังประชารัฐ,2024-08-16,2025-07-01
64,แพทองธาร ชินวัตร,รัฐมนตรีว่าการ,มนพร เจริญศรี,กระทรวงคมนาคม,เพื่อไทย,2024-08-16,2025-07-01
64,แพทองธาร ชินวัตร,รัฐมนตรีว่าการ,ไชยชนก ชิดชอบ,กระทรวงดิจิทัลเพื่อเศรษฐกิจและสังคม,ภูมิใจไทย,2024-08-16,2025-07-01
64,แพทองธาร ชินวัตร,รัฐมนตรีว่าการ,พัชรวาท วงษ์สุวรรณ,กระทรวงทรัพยากรธรรมชาติและสิ่งแวดล้อม,พลังประชารัฐ,2024-08-16,2025-07-01
64,แพทองธาร ชินวัตร,รัฐมนตรีว่าการ,อรรถพล ฤกษ์พิบูลย์,กระทรวงพลังงาน,ไม่สังกัดพรรค,2024-08-16,2025-07-01
64,แพทองธาร ชินวัตร,รัฐมนตรีว่าการ,ศุภจี สุธรรมพันธุ์,กระทรวงพาณิชย์,ไม่สังกัดพรรค,2024-08-16,2025-07-01
64,แพทองธาร ชินวัตร,รัฐมนตรีว่าการ,ชาดา ไทยเศรษฐ์,กระทรวงมหาดไทย,ภูมิใจไทย,2024-08-16,2025-07-01
64,แพทองธาร ชินวัตร,รัฐมนตรีว่าการ,พล.ต.อ. สุรเชษฐ์ หักพาล,กระทรวงยุติธรรม,ไม่สังกัดพรรค,2024-08-16,2025-07-01
64,แพทองธาร ชินวัตร,รัฐมนตรีว่าการ,พิพัฒน์ รัชกิจประการ,กระทรวงแรงงาน,ภูมิใจไทย,2024-08-16,2025-07-01
64,แพทองธาร ชินวัตร,รัฐมนตรีว่าการ,ซาบีดา ไทยเศรษฐ์,กระทรวงวัฒนธรรม,ภูมิใจไทย,2024-08-16,2025-07-01
64,แพทองธาร ชินวัตร,รัฐมนตรีว่าการ,นฤมล ภิญโญสินวัฒน์,กระทรวงศึกษาธิการ,พลังประชารัฐ,2024-08-16,2025-07-01
64,แพทองธาร ชินวัตร,รัฐมนตรีว่าการ,พัฒนา พร้อมพัฒน์,กระทรวงสาธารณสุข,ชาติไทยพัฒนา,2024-08-16,2025-07-01
64,แพทองธาร ชินวัตร,รัฐมนตรีว่าการ,สุรศักดิ์ พันธ์เจริญวรกุล,กระทรวงอุดมศึกษา วิทยาศาสตร์ วิจัยและนวัตกรรม,ไม่สังกัดพรรค,2024-08-16,2025-07-01
64,แพทองธาร ชินวัตร,รัฐมนตรีว่าการ,ธนกร วังบุญคงชนะ,กระทรวงอุตสาหกรรม,รวมไทยสร้างชาติ,2024-08-16,2025-07-01
63,เศรษฐา ทวีสิน,นายกรัฐมนตรี,เศรษฐา ทวีสิน,สำนักนายกรัฐมนตรี,เพื่อไทย,2023-09-05,2024-08-14
63,เศรษฐา ทวีสิน,รัฐมนตรีว่าการ,ภูมิธรรม เวชยชัย,กระทรวงกลาโหม,เพื่อไทย,2023-09-05,2024-08-14
63,เศรษฐา ทวีสิน,รัฐมนตรีว่าการ,จุลพันธ์ อมรวิวัฒน์,กระทรวงการคลัง,เพื่อไทย,2023-09-05,2024-08-14
63,เศรษฐา ทวีสิน,รัฐมนตรีว่าการ,ปานปรีย์ พหิทธานุกร,กระทรวงการต่างประเทศ,เพื่อไทย,2023-09-05,2024-08-14
63,เศรษฐา ทวีสิน,รัฐมนตรีว่าการ,สุดาวรรณ หวังศุภกิจโกศล,กระทรวงการท่องเที่ยวและกีฬา,เพื่อไทย,2023-09-05,2024-08-14
63,เศรษฐา ทวีสิน,รัฐมนตรีว่าการ,วราวุธ ศิลปอาชา,กระทรวงการพัฒนาสังคมและความมั่นคงของมนุษย์,ชาติไทยพัฒนา,2023-09-05,2024-08-14
63,เศรษฐา ทวีสิน,รัฐมนตรีว่าการ,ธรรมนัส พรหมเผ่า,กระทรวงเกษตรและสหกรณ์,พลังประชารัฐ,2023-09-05,2024-08-14
63,เศรษฐา ทวีสิน,รัฐมนตรีว่าการ,สุริยะ จึงรุ่งเรืองกิจ,กระทรวงคมนาคม,เพื่อไทย,2023-09-05,2024-08-14
63,เศรษฐา ทวีสิน,รัฐมนตรีว่าการ,ไชยชนก ชิดชอบ,กระทรวงดิจิทัลเพื่อเศรษฐกิจและสังคม,ภูมิใจไทย,2023-09-05,2024-08-14
63,เศรษฐา ทวีสิน,รัฐมนตรีว่าการ,พัชรวาท วงษ์สุวรรณ,กระทรวงทรัพยากรธรรมชาติและสิ่งแวดล้อม,พลังประชารัฐ,2023-09-05,2024-08-14
63,เศรษฐา ทวีสิน,รัฐมนตรีว่าการ,พีระพันธุ์ สาลีรัฐวิภาค,กระทรวงพลังงาน,รวมไทยสร้างชาติ,2023-09-05,2024-08-14
63,เศรษฐา ทวีสิน,รัฐมนตรีว่าการ,ศุภจี สุธรรมพันธุ์,กระทรวงพาณิชย์,ไม่สังกัดพรรค,2023-09-05,2024-08-14
63,เศรษฐา ทวีสิน,รัฐมนตรีว่าการ,ชาดา ไทยเศรษฐ์,กระทรวงมหาดไทย,ภูมิใจไทย,2023-09-05,2024-08-14
63,เศรษฐา ทวีสิน,รัฐมนตรีว่าการ,ทวี สอดส่อง,กระทรวงยุติธรรม,ประชาชาติ,2023-09-05,2024-08-14
63,เศรษฐา ทวีสิน,รัฐมนตรีว่าการ,พิพัฒน์ รัชกิจประการ,กระทรวงแรงงาน,ภูมิใจไทย,2023-09-05,2024-08-14
63,เศรษฐา ทวีสิน,รัฐมนตรีว่าการ,ซาบีดา ไทยเศรษฐ์,กระทรวงวัฒนธรรม,ภูมิใจไทย,2023-09-05,2024-08-14
63,เศรษฐา ทวีสิน,รัฐมนตรีว่าการ,นฤมล ภิญโญสินวัฒน์,กระทรวงศึกษาธิการ,พลังประชารัฐ,2023-09-05,2024-08-14
63,เศรษฐา ทวีสิน,รัฐมนตรีว่าการ,พัฒนา พร้อมพัฒน์,กระทรวงสาธารณสุข,ชาติไทยพัฒนา,2023-09-05,2024-08-14
63,เศรษฐา ทวีสิน,รัฐมนตรีว่าการ,ศุภชัย ปทุมรัตน์,กระทรวงอุดมศึกษา วิทยาศาสตร์ วิจัยและนวัตกรรม,ไม่สังกัดพรรค,2023-09-05,2024-08-14
63,เศรษฐา ทวีสิน,รัฐมนตรีว่าการ,ธนกร วังบุญคงชนะ,กระทรวงอุตสาหกรรม,รวมไทยสร้างชาติ,2023-09-05,2024-08-14
62,ประยุทธ์ จันทร์โอชา,นายกรัฐมนตรี,ประยุทธ์ จันทร์โอชา,สำนักนายกรัฐมนตรี,รวมไทยสร้างชาติ,2023-03-25,2023-09-01
62,ประยุทธ์ จันทร์โอชา,รัฐมนตรีว่าการ,สุรชาติ จิตต์เจริญ,กระทรวงกลาโหม,ไม่สังกัดพรรค,2023-03-25,2023-09-01
62,ประยุทธ์ จันทร์โอชา,รัฐมนตรีว่าการ,อาคม เติมพิทยาไพสิฐ,กระทรวงการคลัง,ไม่สังกัดพรรค,2023-03-25,2023-09-01
62,ประยุทธ์ จันทร์โอชา,รัฐมนตรีว่าการ,ดอน ปรมัตถ์วินัย,กระทรวงการต่างประเทศ,ไม่สังกัดพรรค,2023-03-25,2023-09-01
62,ประยุทธ์ จันทร์โอชา,รัฐมนตรีว่าการ,พิพัฒน์ รัชกิจประการ,กระทรวงการท่องเที่ยวและกีฬา,ภูมิใจไทย,2023-03-25,2023-09-01
62,ประยุทธ์ จันทร์โอชา,รัฐมนตรีว่าการ,จุติ ไกรฤกษ์,กระทรวงการพัฒนาสังคมและความมั่นคงของมนุษย์,ประชาธิปัตย์,2023-03-25,2023-09-01
62,ประยุทธ์ จันทร์โอชา,รัฐมนตรีว่าการ,เฉลิมชัย ศรีอ่อน,กระทรวงเกษตรและสหกรณ์,ประชาธิปัตย์,2023-03-25,2023-09-01
62,ประยุทธ์ จันทร์โอชา,รัฐมนตรีว่าการ,ศักดิ์สยาม ชิดชอบ,กระทรวงคมนาคม,ภูมิใจไทย,2023-03-25,2023-09-01
62,ประยุทธ์ จันทร์โอชา,รัฐมนตรีว่าการ,ชัยวุฒิ ธนาคมานุสรณ์,กระทรวงดิจิทัลเพื่อเศรษฐกิจและสังคม,พลังประชารัฐ,2023-03-25,2023-09-01
62,ประยุทธ์ จันทร์โอชา,รัฐมนตรีว่าการ,วราวุธ ศิลปอาชา,กระทรวงทรัพยากรธรรมชาติและสิ่งแวดล้อม,ชาติไทยพัฒนา,2023-03-25,2023-09-01
62,ประยุทธ์ จันทร์โอชา,รัฐมนตรีว่าการ,สุพัฒนพงษ์ พันธ์มีเชาว์,กระทรวงพลังงาน,ไม่สังกัดพรรค,2023-03-25,2023-09-01
62,ประยุทธ์ จันทร์โอชา,รัฐมนตรีว่าการ,จุรินทร์ ลักษณวิศิษฏ์,กระทรวงพาณิชย์,ประชาธิปัตย์,2023-03-25,2023-09-01
62,ประยุทธ์ จันทร์โอชา,รัฐมนตรีว่าการ,อนุพงษ์ เผ่าจินดา,กระทรวงมหาดไทย,ไม่สังกัดพรรค,2023-03-25,2023-09-01
62,ประยุทธ์ จันทร์โอชา,รัฐมนตรีว่าการ,สมศักดิ์ เทพสุทิน,กระทรวงยุติธรรม,พลังประชารัฐ,2023-03-25,2023-09-01
62,ประยุทธ์ จันทร์โอชา,รัฐมนตรีว่าการ,สุชาติ ชมกลิ่น,กระทรวงแรงงาน,พลังประชารัฐ,2023-03-25,2023-09-01
62,ประยุทธ์ จันทร์โอชา,รัฐมนตรีว่าการ,อิทธิพล คุณปลื้ม,กระทรวงวัฒนธรรม,พลังประชารัฐ,2023-03-25,2023-09-01
62,ประยุทธ์ จันทร์โอชา,รัฐมนตรีว่าการ,ตรีนุช เทียนทอง,กระทรวงศึกษาธิการ,พลังประชารัฐ,2023-03-25,2023-09-01
62,ประยุทธ์ จันทร์โอชา,รัฐมนตรีว่าการ,อนุทิน ชาญวีรกูล,กระทรวงสาธารณสุข,ภูมิใจไทย,2023-03-25,2023-09-01
62,ประยุทธ์ จันทร์โอชา,รัฐมนตรีว่าการ,เอนก เหล่าธรรมทัศน์,กระทรวงอุดมศึกษา วิทยาศาสตร์ วิจัยและนวัตกรรม,พลังประชารัฐ,2023-03-25,2023-09-01
62,ประยุทธ์ จันทร์โอชา,รัฐมนตรีว่าการ,สุริยะ จึงรุ่งเรืองกิจ,กระทรวงอุตสาหกรรม,พลังประชารัฐ,2023-03-25,2023-09-01
61,ประยุทธ์ จันทร์โอชา,นายกรัฐมนตรี,ประยุทธ์ จันทร์โอชา,สำนักนายกรัฐมนตรี,พลังประชารัฐ,2019-07-10,2023-03-24
61,ประยุทธ์ จันทร์โอชา,รัฐมนตรีว่าการ,ประยุทธ์ จันทร์โอชา,กระทรวงกลาโหม,พลังประชารัฐ,2019-07-10,2023-03-24
61,ประยุทธ์ จันทร์โอชา,รัฐมนตรีว่าการ,อุตตม สาวนายน,กระทรวงการคลัง,พลังประชารัฐ,2019-07-10,2020-07-15
61,ประยุทธ์ จันทร์โอชา,รัฐมนตรีว่าการ,ดอน ปรมัตถ์วินัย,กระทรวงการต่างประเทศ,ไม่สังกัดพรรค,2019-07-10,2023-03-24
61,ประยุทธ์ จันทร์โอชา,รัฐมนตรีว่าการ,พิพัฒน์ รัชกิจประการ,กระทรวงการท่องเที่ยวและกีฬา,ภูมิใจไทย,2019-07-10,2023-03-24
61,ประยุทธ์ จันทร์โอชา,รัฐมนตรีว่าการ,จุติ ไกรฤกษ์,กระทรวงการพัฒนาสังคมและความมั่นคงของมนุษย์,ประชาธิปัตย์,2019-07-10,2023-03-24
61,ประยุทธ์ จันทร์โอชา,รัฐมนตรีว่าการ,เฉลิมชัย ศรีอ่อน,กระทรวงเกษตรและสหกรณ์,ประชาธิปัตย์,2019-07-10,2023-03-24
61,ประยุทธ์ จันทร์โอชา,รัฐมนตรีว่าการ,ศักดิ์สยาม ชิดชอบ,กระทรวงคมนาคม,ภูมิใจไทย,2019-07-10,2023-03-24
61,ประยุทธ์ จันทร์โอชา,รัฐมนตรีว่าการ,พุทธิพงษ์ ปุณณกันต์,กระทรวงดิจิทัลเพื่อเศรษฐกิจและสังคม,พลังประชารัฐ,2019-07-10,2021-09-15
61,ประยุทธ์ จันทร์โอชา,รัฐมนตรีว่าการ,วราวุธ ศิลปอาชา,กระทรวงทรัพยากรธรรมชาติและสิ่งแวดล้อม,ชาติไทยพัฒนา,2019-07-10,2023-03-24
61,ประยุทธ์ จันทร์โอชา,รัฐมนตรีว่าการ,สุพัฒนพงษ์ พันธ์มีเชาว์,กระทรวงพลังงาน,ไม่สังกัดพรรค,2020-08-06,2023-03-24
61,ประยุทธ์ จันทร์โอชา,รัฐมนตรีว่าการ,จุรินทร์ ลักษณวิศิษฏ์,กระทรวงพาณิชย์,ประชาธิปัตย์,2019-07-10,2023-03-24
61,ประยุทธ์ จันทร์โอชา,รัฐมนตรีว่าการ,อนุพงษ์ เผ่าจินดา,กระทรวงมหาดไทย,ไม่สังกัดพรรค,2019-07-10,2023-03-24
61,ประยุทธ์ จันทร์โอชา,รัฐมนตรีว่าการ,สมศักดิ์ เทพสุทิน,กระทรวงยุติธรรม,พลังประชารัฐ,2019-07-10,2023-03-24
61,ประยุทธ์ จันทร์โอชา,รัฐมนตรีว่าการ,สุชาติ ชมกลิ่น,กระทรวงแรงงาน,พลังประชารัฐ,2019-07-10,2023-03-24
61,ประยุทธ์ จันทร์โอชา,รัฐมนตรีว่าการ,อิทธิพล คุณปลื้ม,กระทรวงวัฒนธรรม,พลังประชารัฐ,2019-07-10,2023-03-24
61,ประยุทธ์ จันทร์โอชา,รัฐมนตรีว่าการ,ตรีนุช เทียนทอง,กระทรวงศึกษาธิการ,พลังประชารัฐ,2021-03-30,2023-03-24
61,ประยุทธ์ จันทร์โอชา,รัฐมนตรีว่าการ,อนุทิน ชาญวีรกูล,กระทรวงสาธารณสุข,ภูมิใจไทย,2019-07-10,2023-03-24
61,ประยุทธ์ จันทร์โอชา,รัฐมนตรีว่าการ,เอนก เหล่าธรรมทัศน์,กระทรวงอุดมศึกษา วิทยาศาสตร์ วิจัยและนวัตกรรม,พลังประชารัฐ,2019-07-10,2023-03-24
61,ประยุทธ์ จันทร์โอชา,รัฐมนตรีว่าการ,สุริยะ จึงรุ่งเรืองกิจ,กระทรวงอุตสาหกรรม,พลังประชารัฐ,2019-07-10,2023-03-24
60,ประยุทธ์ จันทร์โอชา,นายกรัฐมนตรี,ประยุทธ์ จันทร์โอชา,สำนักนายกรัฐมนตรี,พลังประชารัฐ,2014-08-24,2019-07-09
60,ประยุทธ์ จันทร์โอชา,รัฐมนตรีว่าการ,ประยุทธ์ จันทร์โอชา,กระทรวงกลาโหม,พลังประชารัฐ,2014-08-24,2019-07-09
60,ประยุทธ์ จันทร์โอชา,รัฐมนตรีว่าการ,สมคิด จาตุศรีพิทักษ์,กระทรวงการคลัง,ไม่สังกัดพรรค,2014-08-24,2019-07-09
60,ประยุทธ์ จันทร์โอชา,รัฐมนตรีว่าการ,ดอน ปรมัตถ์วินัย,กระทรวงการต่างประเทศ,ไม่สังกัดพรรค,2015-08-19,2019-07-09
60,ประยุทธ์ จันทร์โอชา,รัฐมนตรีว่าการ,กอบศักดิ์ ภูตระกูล,กระทรวงการท่องเที่ยวและกีฬา,ไม่สังกัดพรรค,2014-08-24,2019-07-09
60,ประยุทธ์ จันทร์โอชา,รัฐมนตรีว่าการ,พลเอก ฉัตรชัย สาริกัลยะ,กระทรวงการพัฒนาสังคมและความมั่นคงของมนุษย์,ไม่สังกัดพรรค,2014-08-24,2017-11-23
60,ประยุทธ์ จันทร์โอชา,รัฐมนตรีว่าการ,พลเอก ฉัตรชัย สาริกัลยะ,กระทรวงเกษตรและสหกรณ์,ไม่สังกัดพรรค,2014-08-24,2019-07-09
60,ประยุทธ์ จันทร์โอชา,รัฐมนตรีว่าการ,อาคม เติมพิทยาไพสิฐ,กระทรวงคมนาคม,ไม่สังกัดพรรค,2015-08-19,2019-07-09
60,ประยุทธ์ จันทร์โอชา,รัฐมนตรีว่าการ,พิเชษฐ์ ตันเจริญ,กระทรวงดิจิทัลเพื่อเศรษฐกิจและสังคม,ไม่สังกัดพรรค,2016-09-16,2019-07-09
60,ประยุทธ์ จันทร์โอชา,รัฐมนตรีว่าการ,สุวิทย์ คุณกิตติ,กระทรวงทรัพยากรธรรมชาติและสิ่งแวดล้อม,ไม่สังกัดพรรค,2016-12-16,2019-07-09
60,ประยุทธ์ จันทร์โอชา,รัฐมนตรีว่าการ,สุพัฒนพงษ์ พันธ์มีเชาว์,กระทรวงพลังงาน,ไม่สังกัดพรรค,2016-12-16,2019-07-09
60,ประยุทธ์ จันทร์โอชา,รัฐมนตรีว่าการ,สนธิรัตน์ สนธิจิรวงศ์,กระทรวงพาณิชย์,ไม่สังกัดพรรค,2016-12-16,2019-07-09
60,ประยุทธ์ จันทร์โอชา,รัฐมนตรีว่าการ,พลเอก อนุพงษ์ เผ่าจินดา,กระทรวงมหาดไทย,ไม่สังกัดพรรค,2014-08-24,2019-07-09
60,ประยุทธ์ จันทร์โอชา,รัฐมนตรีว่าการ,พลเอก ไพบูลย์ คุ้มฉายา,กระทรวงยุติธรรม,ไม่สังกัดพรรค,2014-08-24,2019-07-09
60,ประยุทธ์ จันทร์โอชา,รัฐมนตรีว่าการ,พลเอก ฉัตรชัย สาริกัลยะ,กระทรวงแรงงาน,ไม่สังกัดพรรค,2017-11-23,2019-07-09
60,ประยุทธ์ จันทร์โอชา,รัฐมนตรีว่าการ,วีระ โรจน์พงศ์,กระทรวงวัฒนธรรม,ไม่สังกัดพรรค,2014-08-24,2019-07-09
60,ประยุทธ์ จันทร์โอชา,รัฐมนตรีว่าการ,พลเอก ดาว์พงษ์ รัตนสุวรรณ,กระทรวงศึกษาธิการ,ไม่สังกัดพรรค,2014-08-24,2016-08-16
60,ประยุทธ์ จันทร์โอชา,รัฐมนตรีว่าการ,พลเอก ฉัตรชัย สาริกัลยะ,กระทรวงสาธารณสุข,ไม่สังกัดพรรค,2016-08-16,2019-07-09
60,ประยุทธ์ จันทร์โอชา,รัฐมนตรีว่าการ,เอนก เหล่าธรรมทัศน์,กระทรวงอุดมศึกษา วิทยาศาสตร์ วิจัยและนวัตกรรม,ไม่สังกัดพรรค,2019-05-02,2019-07-09
60,ประยุทธ์ จันทร์โอชา,รัฐมนตรีว่าการ,อุตตม สาวนายน,กระทรวงอุตสาหกรรม,ไม่สังกัดพรรค,2016-12-16,2019-07-09
59,ประยุทธ์ จันทร์โอชา,นายกรัฐมนตรี,ประยุทธ์ จันทร์โอชา,สำนักนายกรัฐมนตรี,ไม่สังกัดพรรค,2014-08-24,2019-07-09
59,ประยุทธ์ จันทร์โอชา,รัฐมนตรีว่าการ,ประยุทธ์ จันทร์โอชา,กระทรวงกลาโหม,ไม่สังกัดพรรค,2014-08-24,2019-07-09
59,ประยุทธ์ จันทร์โอชา,รัฐมนตรีว่าการ,สมคิด จาตุศรีพิทักษ์,กระทรวงการคลัง,ไม่สังกัดพรรค,2014-08-24,2019-07-09
59,ประยุทธ์ จันทร์โอชา,รัฐมนตรีว่าการ,ดอน ปรมัตถ์วินัย,กระทรวงการต่างประเทศ,ไม่สังกัดพรรค,2014-08-24,2019-07-09
59,ประยุทธ์ จันทร์โอชา,รัฐมนตรีว่าการ,กอบศักดิ์ ภูตระกูล,กระทรวงการท่องเที่ยวและกีฬา,ไม่สังกัดพรรค,2014-08-24,2019-07-09
59,ประยุทธ์ จันทร์โอชา,รัฐมนตรีว่าการ,พลเอก ฉัตรชัย สาริกัลยะ,กระทรวงการพัฒนาสังคมและความมั่นคงของมนุษย์,ไม่สังกัดพรรค,2014-08-24,2019-07-09
59,ประยุทธ์ จันทร์โอชา,รัฐมนตรีว่าการ,พลเอก ฉัตรชัย สาริกัลยะ,กระทรวงเกษตรและสหกรณ์,ไม่สังกัดพรรค,2014-08-24,2019-07-09
59,ประยุทธ์ จันทร์โอชา,รัฐมนตรีว่าการ,อาคม เติมพิทยาไพสิฐ,กระทรวงคมนาคม,ไม่สังกัดพรรค,2014-08-24,2019-07-09
59,ประยุทธ์ จันทร์โอชา,รัฐมนตรีว่าการ,พิเชษฐ์ ตันเจริญ,กระทรวงดิจิทัลเพื่อเศรษฐกิจและสังคม,ไม่สังกัดพรรค,2016-09-16,2019-07-09
59,ประยุทธ์ จันทร์โอชา,รัฐมนตรีว่าการ,สุวิทย์ คุณกิตติ,กระทรวงทรัพยากรธรรมชาติและสิ่งแวดล้อม,ไม่สังกัดพรรค,2016-12-16,2019-07-09
59,ประยุทธ์ จันทร์โอชา,รัฐมนตรีว่าการ,สุพัฒนพงษ์ พันธ์มีเชาว์,กระทรวงพลังงาน,ไม่สังกัดพรรค,2016-12-16,2019-07-09
59,ประยุทธ์ จันทร์โอชา,รัฐมนตรีว่าการ,สนธิรัตน์ สนธิจิรวงศ์,กระทรวงพาณิชย์,ไม่สังกัดพรรค,2016-12-16,2019-07-09
59,ประยุทธ์ จันทร์โอชา,รัฐมนตรีว่าการ,พลเอก อนุพงษ์ เผ่าจินดา,กระทรวงมหาดไทย,ไม่สังกัดพรรค,2014-08-24,2019-07-09
59,ประยุทธ์ จันทร์โอชา,รัฐมนตรีว่าการ,พลเอก ไพบูลย์ คุ้มฉายา,กระทรวงยุติธรรม,ไม่สังกัดพรรค,2014-08-24,2019-07-09
59,ประยุทธ์ จันทร์โอชา,รัฐมนตรีว่าการ,พลเอก ฉัตรชัย สาริกัลยะ,กระทรวงแรงงาน,ไม่สังกัดพรรค,2017-11-23,2019-07-09
59,ประยุทธ์ จันทร์โอชา,รัฐมนตรีว่าการ,วีระ โรจน์พงศ์,กระทรวงวัฒนธรรม,ไม่สังกัดพรรค,2014-08-24,2019-07-09
59,ประยุทธ์ จันทร์โอชา,รัฐมนตรีว่าการ,พลเอก ดาว์พงษ์ รัตนสุวรรณ,กระทรวงศึกษาธิการ,ไม่สังกัดพรรค,2014-08-24,2016-08-16
59,ประยุทธ์ จันทร์โอชา,รัฐมนตรีว่าการ,พลเอก ฉัตรชัย สาริกัลยะ,กระทรวงสาธารณสุข,ไม่สังกัดพรรค,2016-08-16,2019-07-09
59,ประยุทธ์ จันทร์โอชา,รัฐมนตรีว่าการ,เอนก เหล่าธรรมทัศน์,กระทรวงอุดมศึกษา วิทยาศาสตร์ วิจัยและนวัตกรรม,ไม่สังกัดพรรค,2019-05-02,2019-07-09
59,ประยุทธ์ จันทร์โอชา,รัฐมนตรีว่าการ,อุตตม สาวนายน,กระทรวงอุตสาหกรรม,ไม่สังกัดพรรค,2016-12-16,2019-07-09
58,ประยุทธ์ จันทร์โอชา,นายกรัฐมนตรี,ประยุทธ์ จันทร์โอชา,สำนักนายกรัฐมนตรี,ไม่สังกัดพรรค,2014-08-24,2014-08-24
58,ประยุทธ์ จันทร์โอชา,รัฐมนตรีว่าการ,ประยุทธ์ จันทร์โอชา,กระทรวงกลาโหม,ไม่สังกัดพรรค,2014-08-24,2014-08-24
58,ประยุทธ์ จันทร์โอชา,รัฐมนตรีว่าการ,สมคิด จาตุศรีพิทักษ์,กระทรวงการคลัง,ไม่สังกัดพรรค,2014-08-24,2014-08-24
58,ประยุทธ์ จันทร์โอชา,รัฐมนตรีว่าการ,ดอน ปรมัตถ์วินัย,กระทรวงการต่างประเทศ,ไม่สังกัดพรรค,2014-08-24,2014-08-24
58,ประยุทธ์ จันทร์โอชา,รัฐมนตรีว่าการ,กอบศักดิ์ ภูตระกูล,กระทรวงการท่องเที่ยวและกีฬา,ไม่สังกัดพรรค,2014-08-24,2014-08-24
58,ประยุทธ์ จันทร์โอชา,รัฐมนตรีว่าการ,พลเอก ฉัตรชัย สาริกัลยะ,กระทรวงการพัฒนาสังคมและความมั่นคงของมนุษย์,ไม่สังกัดพรรค,2014-08-24,2014-08-24
58,ประยุทธ์ จันทร์โอชา,รัฐมนตรีว่าการ,พลเอก ฉัตรชัย สาริกัลยะ,กระทรวงเกษตรและสหกรณ์,ไม่สังกัดพรรค,2014-08-24,2014-08-24
58,ประยุทธ์ จันทร์โอชา,รัฐมนตรีว่าการ,อาคม เติมพิทยาไพสิฐ,กระทรวงคมนาคม,ไม่สังกัดพรรค,2014-08-24,2014-08-24
58,ประยุทธ์ จันทร์โอชา,รัฐมนตรีว่าการ,พิเชษฐ์ ตันเจริญ,กระทรวงดิจิทัลเพื่อเศรษฐกิจและสังคม,ไม่สังกัดพรรค,2014-08-24,2014-08-24
58,ประยุทธ์ จันทร์โอชา,รัฐมนตรีว่าการ,สุวิทย์ คุณกิตติ,กระทรวงทรัพยากรธรรมชาติและสิ่งแวดล้อม,ไม่สังกัดพรรค,2014-08-24,2014-08-24
58,ประยุทธ์ จันทร์โอชา,รัฐมนตรีว่าการ,สุพัฒนพงษ์ พันธ์มีเชาว์,กระทรวงพลังงาน,ไม่สังกัดพรรค,2014-08-24,2014-08-24
58,ประยุทธ์ จันทร์โอชา,รัฐมนตรีว่าการ,สนธิรัตน์ สนธิจิรวงศ์,กระทรวงพาณิชย์,ไม่สังกัดพรรค,2014-08-24,2014-08-24
58,ประยุทธ์ จันทร์โอชา,รัฐมนตรีว่าการ,พลเอก อนุพงษ์ เผ่าจินดา,กระทรวงมหาดไทย,ไม่สังกัดพรรค,2014-08-24,2014-08-24
58,ประยุทธ์ จันทร์โอชา,รัฐมนตรีว่าการ,พลเอก ไพบูลย์ คุ้มฉายา,กระทรวงยุติธรรม,ไม่สังกัดพรรค,2014-08-24,2014-08-24
58,ประยุทธ์ จันทร์โอชา,รัฐมนตรีว่าการ,พลเอก ฉัตรชัย สาริกัลยะ,กระทรวงแรงงาน,ไม่สังกัดพรรค,2014-08-24,2014-08-24
58,ประยุทธ์ จันทร์โอชา,รัฐมนตรีว่าการ,วีระ โรจน์พงศ์,กระทรวงวัฒนธรรม,ไม่สังกัดพรรค,2014-08-24,2014-08-24
58,ประยุทธ์ จันทร์โอชา,รัฐมนตรีว่าการ,พลเอก ดาว์พงษ์ รัตนสุวรรณ,กระทรวงศึกษาธิการ,ไม่สังกัดพรรค,2014-08-24,2014-08-24
58,ประยุทธ์ จันทร์โอชา,รัฐมนตรีว่าการ,พลเอก ฉัตรชัย สาริกัลยะ,กระทรวงสาธารณสุข,ไม่สังกัดพรรค,2014-08-24,2014-08-24
58,ประยุทธ์ จันทร์โอชา,รัฐมนตรีว่าการ,เอนก เหล่าธรรมทัศน์,กระทรวงอุดมศึกษา วิทยาศาสตร์ วิจัยและนวัตกรรม,ไม่สังกัดพรรค,2014-08-24,2014-08-24
58,ประยุทธ์ จันทร์โอชา,รัฐมนตรีว่าการ,อุตตม สาวนายน,กระทรวงอุตสาหกรรม,ไม่สังกัดพรรค,2014-08-24,2014-08-24
57,ยิ่งลักษณ์ ชินวัตร,นายกรัฐมนตรี,ยิ่งลักษณ์ ชินวัตร,สำนักนายกรัฐมนตรี,เพื่อไทย,2011-08-05,2014-05-07
57,ยิ่งลักษณ์ ชินวัตร,รัฐมนตรีว่าการ,ยิ่งลักษณ์ ชินวัตร,กระทรวงกลาโหม,เพื่อไทย,2011-08-05,2014-05-07
57,ยิ่งลักษณ์ ชินวัตร,รัฐมนตรีว่าการ,กิตติรัตน์ ณ ระนอง,กระทรวงการคลัง,เพื่อไทย,2011-08-05,2014-05-07
57,ยิ่งลักษณ์ ชินวัตร,รัฐมนตรีว่าการ,สุรพงษ์ โตวิจักษณ์ชัยกุล,กระทรวงการต่างประเทศ,เพื่อไทย,2011-08-05,2014-05-07
57,ยิ่งลักษณ์ ชินวัตร,รัฐมนตรีว่าการ,ชุมพล ศิลปอาชา,กระทรวงการท่องเที่ยวและกีฬา,ชาติไทยพัฒนา,2011-08-05,2012-10-25
57,ยิ่งลักษณ์ ชินวัตร,รัฐมนตรีว่าการ,สันติ พร้อมพัฒน์,กระทรวงการพัฒนาสังคมและความมั่นคงของมนุษย์,เพื่อไทย,2011-08-05,2012-01-18
57,ยิ่งลักษณ์ ชินวัตร,รัฐมนตรีว่าการ,ธีระ วงศ์สมุทร,กระทรวงเกษตรและสหกรณ์,ชาติไทยพัฒนา,2011-08-05,2013-06-30
57,ยิ่งลักษณ์ ชินวัตร,รัฐมนตรีว่าการ,จารุพงศ์ เรืองสุวรรณ,กระทรวงคมนาคม,เพื่อไทย,2011-08-05,2012-10-28
57,ยิ่งลักษณ์ ชินวัตร,รัฐมนตรีว่าการ,อนุดิษฐ์ นาครทรรพ,กระทรวงดิจิทัลเพื่อเศรษฐกิจและสังคม,เพื่อไทย,2011-08-05,2014-05-07
57,ยิ่งลักษณ์ ชินวัตร,รัฐมนตรีว่าการ,พงษ์ศักดิ์ รักตพงษ์ไพศาล,กระทรวงทรัพยากรธรรมชาติและสิ่งแวดล้อม,เพื่อไทย,2011-08-05,2014-05-07
57,ยิ่งลักษณ์ ชินวัตร,รัฐมนตรีว่าการ,พงศ์เทพ เทพกาญจนา,กระทรวงพลังงาน,เพื่อไทย,2011-08-05,2012-01-18
57,ยิ่งลักษณ์ ชินวัตร,รัฐมนตรีว่าการ,บุญทรง เตริยาภิรมย์,กระทรวงพาณิชย์,เพื่อไทย,2011-08-05,2014-05-07
57,ยิ่งลักษณ์ ชินวัตร,รัฐมนตรีว่าการ,ยงยุทธ วิชัยดิษฐ์,กระทรวงมหาดไทย,เพื่อไทย,2011-08-05,2012-01-18
57,ยิ่งลักษณ์ ชินวัตร,รัฐมนตรีว่าการ,พ.ต.อ. ทวี สอดส่อง,กระทรวงยุติธรรม,ประชาชาติ,2011-08-05,2012-01-18
57,ยิ่งลักษณ์ ชินวัตร,รัฐมนตรีว่าการ,เฉลิม อยู่บำรุง,กระทรวงแรงงาน,เพื่อไทย,2011-08-05,2011-08-30
57,ยิ่งลักษณ์ ชินวัตร,รัฐมนตรีว่าการ,สนธยา คุณปลื้ม,กระทรวงวัฒนธรรม,พลังชล,2011-08-05,2012-01-18
57,ยิ่งลักษณ์ ชินวัตร,รัฐมนตรีว่าการ,วรวัจน์ เอื้ออภิญญกุล,กระทรวงศึกษาธิการ,เพื่อไทย,2011-08-05,2014-05-07
57,ยิ่งลักษณ์ ชินวัตร,รัฐมนตรีว่าการ,วิทวัส ศุภกิจโกศล,กระทรวงสาธารณสุข,เพื่อไทย,2011-08-05,2014-05-07
57,ยิ่งลักษณ์ ชินวัตร,รัฐมนตรีว่าการ,ปลอดประสพ สุรัสวดี,กระทรวงอุดมศึกษา วิทยาศาสตร์ วิจัยและนวัตกรรม,เพื่อไทย,2011-08-05,2014-05-07
57,ยิ่งลักษณ์ ชินวัตร,รัฐมนตรีว่าการ,วราเทพ รัตนากร,กระทรวงอุตสาหกรรม,เพื่อไทย,2011-08-05,2014-05-07
56,อภิสิทธิ์ เวชชาชีวะ,นายกรัฐมนตรี,อภิสิทธิ์ เวชชาชีวะ,สำนักนายกรัฐมนตรี,ประชาธิปัตย์,2008-12-17,2011-08-05
56,อภิสิทธิ์ เวชชาชีวะ,รัฐมนตรีว่าการ,อภิสิทธิ์ เวชชาชีวะ,กระทรวงกลาโหม,ประชาธิปัตย์,2008-12-17,2011-08-05
56,อภิสิทธิ์ เวชชาชีวะ,รัฐมนตรีว่าการ,กรณ์ จาติกวณิช,กระทรวงการคลัง,ประชาธิปัตย์,2008-12-17,2011-08-05
56,อภิสิทธิ์ เวชชาชีวะ,รัฐมนตรีว่าการ,กษิต ภิรมย์,กระทรวงการต่างประเทศ,ประชาธิปัตย์,2008-12-17,2011-08-05
56,อภิสิทธิ์ เวชชาชีวะ,รัฐมนตรีว่าการ,ชุมพล ศิลปอาชา,กระทรวงการท่องเที่ยวและกีฬา,ชาติไทยพัฒนา,2008-12-17,2011-08-05
56,อภิสิทธิ์ เวชชาชีวะ,รัฐมนตรีว่าการ,สันติ พร้อมพัฒน์,กระทรวงการพัฒนาสังคมและความมั่นคงของมนุษย์,ชาติไทยพัฒนา,2008-12-17,2011-08-05
56,อภิสิทธิ์ เวชชาชีวะ,รัฐมนตรีว่าการ,ธีระ วงศ์สมุทร,กระทรวงเกษตรและสหกรณ์,ชาติไทยพัฒนา,2008-12-17,2011-08-05
56,อภิสิทธิ์ เวชชาชีวะ,รัฐมนตรีว่าการ,โสภณ ซารัมย์,กระทรวงคมนาคม,ภูมิใจไทย,2008-12-17,2011-08-05
56,อภิสิทธิ์ เวชชาชีวะ,รัฐมนตรีว่าการ,ชวรัตน์ ชาญวีรกูล,กระทรวงดิจิทัลเพื่อเศรษฐกิจและสังคม,ภูมิใจไทย,2008-12-17,2011-08-05
56,อภิสิทธิ์ เวชชาชีวะ,รัฐมนตรีว่าการ,สุวิทย์ คุณกิตติ,กระทรวงทรัพยากรธรรมชาติและสิ่งแวดล้อม,รวมใจไทย,2008-12-17,2011-08-05
56,อภิสิทธิ์ เวชชาชีวะ,รัฐมนตรีว่าการ,พงษ์เทพ เทพกาญจนา,กระทรวงพลังงาน,ประชาธิปัตย์,2008-12-17,2011-08-05
56,อภิสิทธิ์ เวชชาชีวะ,รัฐมนตรีว่าการ,ปกรณ์ นิลประพันธ์,กระทรวงพาณิชย์,ประชาธิปัตย์,2008-12-17,2011-08-05
56,อภิสิทธิ์ เวชชาชีวะ,รัฐมนตรีว่าการ,ชวรัตน์ ชาญวีรกูล,กระทรวงมหาดไทย,ภูมิใจไทย,2008-12-17,2011-08-05
56,อภิสิทธิ์ เวชชาชีวะ,รัฐมนตรีว่าการ,พิชัย ชุณหวชิร,กระทรวงยุติธรรม,ประชาธิปัตย์,2008-12-17,2011-08-05
56,อภิสิทธิ์ เวชชาชีวะ,รัฐมนตรีว่าการ,เฉลิม อยู่บำรุง,กระทรวงแรงงาน,เพื่อไทย,2008-12-17,2011-08-05
56,อภิสิทธิ์ เวชชาชีวะ,รัฐมนตรีว่าการ,วีระ โรจน์พงศ์,กระทรวงวัฒนธรรม,ประชาธิปัตย์,2008-12-17,2011-08-05
56,อภิสิทธิ์ เวชชาชีวะ,รัฐมนตรีว่าการ,ชินวรณ์ บุณยเกียรติ,กระทรวงศึกษาธิการ,ประชาธิปัตย์,2008-12-17,2011-08-05
56,อภิสิทธิ์ เวชชาชีวะ,รัฐมนตรีว่าการ,วิทยา แก้วภราดัย,กระทรวงสาธารณสุข,ประชาธิปัตย์,2008-12-17,2011-08-05
56,อภิสิทธิ์ เวชชาชีวะ,รัฐมนตรีว่าการ,พงศ์เทพ เทพกาญจนา,กระทรวงอุดมศึกษา วิทยาศาสตร์ วิจัยและนวัตกรรม,ประชาธิปัตย์,2008-12-17,2011-08-05
56,อภิสิทธิ์ เวชชาชีวะ,รัฐมนตรีว่าการ,สุริยะ ใจดี,กระทรวงอุตสาหกรรม,ประชาธิปัตย์,2008-12-17,2011-08-05
55,สมัคร สุนทรเวช,นายกรัฐมนตรี,สมัคร สุนทรเวช,สำนักนายกรัฐมนตรี,พลังประชาชน,2008-02-06,2008-09-09
55,สมัคร สุนทรเวช,รัฐมนตรีว่าการ,สมัคร สุนทรเวช,กระทรวงกลาโหม,พลังประชาชน,2008-02-06,2008-09-09
55,สมัคร สุนทรเวช,รัฐมนตรีว่าการ,สุรพงษ์ โตวิจักษณ์ชัยกุล,กระทรวงการคลัง,พลังประชาชน,2008-02-06,2008-09-09
55,สมัคร สุนทรเวช,รัฐมนตรีว่าการ,นพ. สุรพงษ์ สืบวงศ์ลี,กระทรวงการต่างประเทศ,พลังประชาชน,2008-02-06,2008-09-09
55,สมัคร สุนทรเวช,รัฐมนตรีว่าการ,วีระศักดิ์ โควสุรัตน์,กระทรวงการท่องเที่ยวและกีฬา,พลังประชาชน,2008-02-06,2008-09-09
55,สมัคร สุนทรเวช,รัฐมนตรีว่าการ,สมศักดิ์ เทพสุทิน,กระทรวงการพัฒนาสังคมและความมั่นคงของมนุษย์,พลังประชาชน,2008-02-06,2008-09-09
55,สมัคร สุนทรเวช,รัฐมนตรีว่าการ,ธีระ วงศ์สมุทร,กระทรวงเกษตรและสหกรณ์,ชาติไทย,2008-02-06,2008-09-09
55,สมัคร สุนทรเวช,รัฐมนตรีว่าการ,สมัคร สุนทรเวช,กระทรวงคมนาคม,พลังประชาชน,2008-02-06,2008-09-09
55,สมัคร สุนทรเวช,รัฐมนตรีว่าการ,อนุดิษฐ์ นาครทรรพ,กระทรวงดิจิทัลเพื่อเศรษฐกิจและสังคม,พลังประชาชน,2008-02-06,2008-09-09
55,สมัคร สุนทรเวช,รัฐมนตรีว่าการ,พงษ์ศักดิ์ รักตพงษ์ไพศาล,กระทรวงทรัพยากรธรรมชาติและสิ่งแวดล้อม,พลังประชาชน,2008-02-06,2008-09-09
55,สมัคร สุนทรเวช,รัฐมนตรีว่าการ,ณัฐพล นาคพาณิชย์,กระทรวงพลังงาน,พลังประชาชน,2008-02-06,2008-09-09
55,สมัคร สุนทรเวช,รัฐมนตรีว่าการ,สุพัฒนพงษ์ พันธ์มีเชาว์,กระทรวงพาณิชย์,พลังประชาชน,2008-02-06,2008-09-09
55,สมัคร สุนทรเวช,รัฐมนตรีว่าการ,สมัคร สุนทรเวช,กระทรวงมหาดไทย,พลังประชาชน,2008-02-06,2008-09-09
55,สมัคร สุนทรเวช,รัฐมนตรีว่าการ,พ.ต.อ. ทวี สอดส่อง,กระทรวงยุติธรรม,พลังประชาชน,2008-02-06,2008-09-09
55,สมัคร สุนทรเวช,รัฐมนตรีว่าการ,เฉลิม อยู่บำรุง,กระทรวงแรงงาน,พลังประชาชน,2008-02-06,2008-09-09
55,สมัคร สุนทรเวช,รัฐมนตรีว่าการ,วีระ โรจน์พงศ์,กระทรวงวัฒนธรรม,พลังประชาชน,2008-02-06,2008-09-09
55,สมัคร สุนทรเวช,รัฐมนตรีว่าการ,ชินวรณ์ บุณยเกียรติ,กระทรวงศึกษาธิการ,พลังประชาชน,2008-02-06,2008-09-09
55,สมัคร สุนทรเวช,รัฐมนตรีว่าการ,วิทวัส ศุภกิจโกศล,กระทรวงสาธารณสุข,พลังประชาชน,2008-02-06,2008-09-09
55,สมัคร สุนทรเวช,รัฐมนตรีว่าการ,ปลอดประสพ สุรัสวดี,กระทรวงอุดมศึกษา วิทยาศาสตร์ วิจัยและนวัตกรรม,พลังประชาชน,2008-02-06,2008-09-09
55,สมัคร สุนทรเวช,รัฐมนตรีว่าการ,วราเทพ รัตนากร,กระทรวงอุตสาหกรรม,พลังประชาชน,2008-02-06,2008-09-09
54,สมัคร สุนทรเวช,นายกรัฐมนตรี,สมัคร สุนทรเวช,สำนักนายกรัฐมนตรี,พลังประชาชน,2008-01-29,2008-02-06
54,สมัคร สุนทรเวช,รัฐมนตรีว่าการ,สมัคร สุนทรเวช,กระทรวงกลาโหม,พลังประชาชน,2008-01-29,2008-02-06
54,สมัคร สุนทรเวช,รัฐมนตรีว่าการ,สุรพงษ์ โตวิจักษณ์ชัยกุล,กระทรวงการคลัง,พลังประชาชน,2008-01-29,2008-02-06
54,สมัคร สุนทรเวช,รัฐมนตรีว่าการ,นพ. สุรพงษ์ สืบวงศ์ลี,กระทรวงการต่างประเทศ,พลังประชาชน,2008-01-29,2008-02-06
54,สมัคร สุนทรเวช,รัฐมนตรีว่าการ,วีระศักดิ์ โควสุรัตน์,กระทรวงการท่องเที่ยวและกีฬา,พลังประชาชน,2008-01-29,2008-02-06
54,สมัคร สุนทรเวช,รัฐมนตรีว่าการ,สมศักดิ์ เทพสุทิน,กระทรวงการพัฒนาสังคมและความมั่นคงของมนุษย์,พลังประชาชน,2008-01-29,2008-02-06
54,สมัคร สุนทรเวช,รัฐมนตรีว่าการ,ธีระ วงศ์สมุทร,กระทรวงเกษตรและสหกรณ์,ชาติไทย,2008-01-29,2008-02-06
54,สมัคร สุนทรเวช,รัฐมนตรีว่าการ,สมัคร สุนทรเวช,กระทรวงคมนาคม,พลังประชาชน,2008-01-29,2008-02-06
54,สมัคร สุนทรเวช,รัฐมนตรีว่าการ,อนุดิษฐ์ นาครทรรพ,กระทรวงดิจิทัลเพื่อเศรษฐกิจและสังคม,พลังประชาชน,2008-01-29,2008-02-06
54,สมัคร สุนทรเวช,รัฐมนตรีว่าการ,พงษ์ศักดิ์ รักตพงษ์ไพศาล,กระทรวงทรัพยากรธรรมชาติและสิ่งแวดล้อม,พลังประชาชน,2008-01-29,2008-02-06
54,สมัคร สุนทรเวช,รัฐมนตรีว่าการ,ณัฐพล นาคพาณิชย์,กระทรวงพลังงาน,พลังประชาชน,2008-01-29,2008-02-06
54,สมัคร สุนทรเวช,รัฐมนตรีว่าการ,สุพัฒนพงษ์ พันธ์มีเชาว์,กระทรวงพาณิชย์,พลังประชาชน,2008-01-29,2008-02-06
54,สมัคร สุนทรเวช,รัฐมนตรีว่าการ,สมัคร สุนทรเวช,กระทรวงมหาดไทย,พลังประชาชน,2008-01-29,2008-02-06
54,สมัคร สุนทรเวช,รัฐมนตรีว่าการ,พ.ต.อ. ทวี สอดส่อง,กระทรวงยุติธรรม,พลังประชาชน,2008-01-29,2008-02-06
54,สมัคร สุนทรเวช,รัฐมนตรีว่าการ,เฉลิม อยู่บำรุง,กระทรวงแรงงาน,พลังประชาชน,2008-01-29,2008-02-06
54,สมัคร สุนทรเวช,รัฐมนตรีว่าการ,วีระ โรจน์พงศ์,กระทรวงวัฒนธรรม,พลังประชาชน,2008-01-29,2008-02-06
54,สมัคร สุนทรเวช,รัฐมนตรีว่าการ,ชินวรณ์ บุณยเกียรติ,กระทรวงศึกษาธิการ,พลังประชาชน,2008-01-29,2008-02-06
54,สมัคร สุนทรเวช,รัฐมนตรีว่าการ,วิทวัส ศุภกิจโกศล,กระทรวงสาธารณสุข,พลังประชาชน,2008-01-29,2008-02-06
54,สมัคร สุนทรเวช,รัฐมนตรีว่าการ,ปลอดประสพ สุรัสวดี,กระทรวงอุดมศึกษา วิทยาศาสตร์ วิจัยและนวัตกรรม,พลังประชาชน,2008-01-29,2008-02-06
54,สมัคร สุนทรเวช,รัฐมนตรีว่าการ,วราเทพ รัตนากร,กระทรวงอุตสาหกรรม,พลังประชาชน,2008-01-29,2008-02-06
53,สุรยุทธ์ จุลานนท์,นายกรัฐมนตรี,สุรยุทธ์ จุลานนท์,สำนักนายกรัฐมนตรี,ไม่สังกัดพรรค,2006-10-01,2008-01-29
53,สุรยุทธ์ จุลานนท์,รัฐมนตรีว่าการ,สุรยุทธ์ จุลานนท์,กระทรวงกลาโหม,ไม่สังกัดพรรค,2006-10-01,2008-01-29
53,สุรยุทธ์ จุลานนท์,รัฐมนตรีว่าการ,ปรีดิยาธร เทวกุล,กระทรวงการคลัง,ไม่สังกัดพรรค,2006-10-01,2008-01-29
53,สุรยุทธ์ จุลานนท์,รัฐมนตรีว่าการ,นิพัทธ์ ธาราภูมิ,กระทรวงการต่างประเทศ,ไม่สังกัดพรรค,2006-10-01,2008-01-29
53,สุรยุทธ์ จุลานนท์,รัฐมนตรีว่าการ,สุวิทย์ คุณกิตติ,กระทรวงการท่องเที่ยวและกีฬา,ไม่สังกัดพรรค,2006-10-01,2008-01-29
53,สุรยุทธ์ จุลานนท์,รัฐมนตรีว่าการ,วินัย วัฒนกุล,กระทรวงการพัฒนาสังคมและความมั่นคงของมนุษย์,ไม่สังกัดพรรค,2006-10-01,2008-01-29
53,สุรยุทธ์ จุลานนท์,รัฐมนตรีว่าการ,ธีระ วงศ์สมุทร,กระทรวงเกษตรและสหกรณ์,ไม่สังกัดพรรค,2006-10-01,2008-01-29
53,สุรยุทธ์ จุลานนท์,รัฐมนตรีว่าการ,ธีระชัย ภูวนาถนรานุบาล,กระทรวงคมนาคม,ไม่สังกัดพรรค,2006-10-01,2008-01-29
53,สุรยุทธ์ จุลานนท์,รัฐมนตรีว่าการ,สุรพงษ์ สืบวงศ์ลี,กระทรวงดิจิทัลเพื่อเศรษฐกิจและสังคม,ไม่สังกัดพรรค,2006-10-01,2008-01-29
53,สุรยุทธ์ จุลานนท์,รัฐมนตรีว่าการ,วิจารณ์ แสงทอง,กระทรวงทรัพยากรธรรมชาติและสิ่งแวดล้อม,ไม่สังกัดพรรค,2006-10-01,2008-01-29
53,สุรยุทธ์ จุลานนท์,รัฐมนตรีว่าการ,พิสิฐ ลี้อาธรรม,กระทรวงพลังงาน,ไม่สังกัดพรรค,2006-10-01,2008-01-29
53,สุรยุทธ์ จุลานนท์,รัฐมนตรีว่าการ,กร ทัพพะรังสี,กระทรวงพาณิชย์,ไม่สังกัดพรรค,2006-10-01,2008-01-29
53,สุรยุทธ์ จุลานนท์,รัฐมนตรีว่าการ,พลเอก อนุพงษ์ เผ่าจินดา,กระทรวงมหาดไทย,ไม่สังกัดพรรค,2006-10-01,2008-01-29
53,สุรยุทธ์ จุลานนท์,รัฐมนตรีว่าการ,พลเอก ไพบูลย์ คุ้มฉายา,กระทรวงยุติธรรม,ไม่สังกัดพรรค,2006-10-01,2008-01-29
53,สุรยุทธ์ จุลานนท์,รัฐมนตรีว่าการ,สมศักดิ์ เทพสุทิน,กระทรวงแรงงาน,ไม่สังกัดพรรค,2006-10-01,2008-01-29
53,สุรยุทธ์ จุลานนท์,รัฐมนตรีว่าการ,วีระ โรจน์พงศ์,กระทรวงวัฒนธรรม,ไม่สังกัดพรรค,2006-10-01,2008-01-29
53,สุรยุทธ์ จุลานนท์,รัฐมนตรีว่าการ,ชินวรณ์ บุณยเกียรติ,กระทรวงศึกษาธิการ,ไม่สังกัดพรรค,2006-10-01,2008-01-29
53,สุรยุทธ์ จุลานนท์,รัฐมนตรีว่าการ,มงคล ณ สงขลา,กระทรวงสาธารณสุข,ไม่สังกัดพรรค,2006-10-01,2008-01-29
53,สุรยุทธ์ จุลานนท์,รัฐมนตรีว่าการ,ปลอดประสพ สุรัสวดี,กระทรวงอุดมศึกษา วิทยาศาสตร์ วิจัยและนวัตกรรม,ไม่สังกัดพรรค,2006-10-01,2008-01-29
53,สุรยุทธ์ จุลานนท์,รัฐมนตรีว่าการ,อุตตม สาวนายน,กระทรวงอุตสาหกรรม,ไม่สังกัดพรรค,2006-10-01,2008-01-29
52,ทักษิณ ชินวัตร,นายกรัฐมนตรี,ทักษิณ ชินวัตร,สำนักนายกรัฐมนตรี,ไทยรักไทย,2005-03-11,2006-09-19
52,ทักษิณ ชินวัตร,รัฐมนตรีว่าการ,ทักษิณ ชินวัตร,กระทรวงกลาโหม,ไทยรักไทย,2005-03-11,2006-09-19
52,ทักษิณ ชินวัตร,รัฐมนตรีว่าการ,สมคิด จาตุศรีพิทักษ์,กระทรวงการคลัง,ไทยรักไทย,2005-03-11,2006-09-19
52,ทักษิณ ชินวัตร,รัฐมนตรีว่าการ,กันตธีร์ ศุภมงคล,กระทรวงการต่างประเทศ,ไทยรักไทย,2005-03-11,2006-09-19
52,ทักษิณ ชินวัตร,รัฐมนตรีว่าการ,สุวัจน์ ลิปตพัลลภ,กระทรวงการท่องเที่ยวและกีฬา,ชาติพัฒนา,2005-03-11,2006-09-19
52,ทักษิณ ชินวัตร,รัฐมนตรีว่าการ,วราเทพ รัตนากร,กระทรวงการพัฒนาสังคมและความมั่นคงของมนุษย์,ไทยรักไทย,2005-03-11,2006-09-19
52,ทักษิณ ชินวัตร,รัฐมนตรีว่าการ,ธีระ วงศ์สมุทร,กระทรวงเกษตรและสหกรณ์,ชาติพัฒนา,2005-03-11,2006-09-19
52,ทักษิณ ชินวัตร,รัฐมนตรีว่าการ,พงศักดิ์ รักตพงษ์ไพศาล,กระทรวงคมนาคม,ไทยรักไทย,2005-03-11,2006-09-19
52,ทักษิณ ชินวัตร,รัฐมนตรีว่าการ,สุริยะ จึงรุ่งเรืองกิจ,กระทรวงดิจิทัลเพื่อเศรษฐกิจและสังคม,ไทยรักไทย,2005-03-11,2006-09-19
52,ทักษิณ ชินวัตร,รัฐมนตรีว่าการ,พงษ์ศักดิ์ รักตพงษ์ไพศาล,กระทรวงทรัพยากรธรรมชาติและสิ่งแวดล้อม,ไทยรักไทย,2005-03-11,2006-09-19
52,ทักษิณ ชินวัตร,รัฐมนตรีว่าการ,พงศ์เทพ เทพกาญจนา,กระทรวงพลังงาน,ไทยรักไทย,2005-03-11,2006-09-19
52,ทักษิณ ชินวัตร,รัฐมนตรีว่าการ,สุพัฒนพงษ์ พันธ์มีเชาว์,กระทรวงพาณิชย์,ไทยรักไทย,2005-03-11,2006-09-19
52,ทักษิณ ชินวัตร,รัฐมนตรีว่าการ,ภูมิธรรม เวชยชัย,กระทรวงมหาดไทย,ไทยรักไทย,2005-03-11,2006-09-19
52,ทักษิณ ชินวัตร,รัฐมนตรีว่าการ,จาตุรนต์ ฉายแสง,กระทรวงยุติธรรม,ไทยรักไทย,2005-03-11,2006-09-19
52,ทักษิณ ชินวัตร,รัฐมนตรีว่าการ,เฉลิม อยู่บำรุง,กระทรวงแรงงาน,ไทยรักไทย,2005-03-11,2006-09-19
52,ทักษิณ ชินวัตร,รัฐมนตรีว่าการ,สุวัจน์ ลิปตพัลลภ,กระทรวงวัฒนธรรม,ชาติพัฒนา,2005-03-11,2006-09-19
52,ทักษิณ ชินวัตร,รัฐมนตรีว่าการ,จาตุรนต์ ฉายแสง,กระทรวงศึกษาธิการ,ไทยรักไทย,2005-03-11,2006-09-19
52,ทักษิณ ชินวัตร,รัฐมนตรีว่าการ,สุพรรณ สุภักดี,กระทรวงสาธารณสุข,ไทยรักไทย,2005-03-11,2006-09-19
52,ทักษิณ ชินวัตร,รัฐมนตรีว่าการ,ปลอดประสพ สุรัสวดี,กระทรวงอุดมศึกษา วิทยาศาสตร์ วิจัยและนวัตกรรม,ไทยรักไทย,2005-03-11,2006-09-19
52,ทักษิณ ชินวัตร,รัฐมนตรีว่าการ,วัฒนา เมืองสุข,กระทรวงอุตสาหกรรม,ไทยรักไทย,2005-03-11,2006-09-19
51,ทักษิณ ชินวัตร,นายกรัฐมนตรี,ทักษิณ ชินวัตร,สำนักนายกรัฐมนตรี,ไทยรักไทย,2001-02-09,2005-03-11
51,ทักษิณ ชินวัตร,รัฐมนตรีว่าการ,ทักษิณ ชินวัตร,กระทรวงกลาโหม,ไทยรักไทย,2001-02-09,2005-03-11
51,ทักษิณ ชินวัตร,รัฐมนตรีว่าการ,สมคิด จาตุศรีพิทักษ์,กระทรวงการคลัง,ไทยรักไทย,2001-02-09,2005-03-11
51,ทักษิณ ชินวัตร,รัฐมนตรีว่าการ,สุรพงษ์ โตวิจักษณ์ชัยกุล,กระทรวงการต่างประเทศ,ไทยรักไทย,2001-02-09,2005-03-11
51,ทักษิณ ชินวัตร,รัฐมนตรีว่าการ,สุวัจน์ ลิปตพัลลภ,กระทรวงการท่องเที่ยวและกีฬา,ชาติพัฒนา,2001-02-09,2005-03-11
51,ทักษิณ ชินวัตร,รัฐมนตรีว่าการ,วราเทพ รัตนากร,กระทรวงการพัฒนาสังคมและความมั่นคงของมนุษย์,ไทยรักไทย,2001-02-09,2005-03-11
51,ทักษิณ ชินวัตร,รัฐมนตรีว่าการ,ธีระ วงศ์สมุทร,กระทรวงเกษตรและสหกรณ์,ชาติพัฒนา,2001-02-09,2005-03-11
51,ทักษิณ ชินวัตร,รัฐมนตรีว่าการ,พงศักดิ์ รักตพงษ์ไพศาล,กระทรวงคมนาคม,ไทยรักไทย,2001-02-09,2005-03-11
51,ทักษิณ ชินวัตร,รัฐมนตรีว่าการ,สุริยะ จึงรุ่งเรืองกิจ,กระทรวงดิจิทัลเพื่อเศรษฐกิจและสังคม,ไทยรักไทย,2001-02-09,2005-03-11
51,ทักษิณ ชินวัตร,รัฐมนตรีว่าการ,พงษ์ศักดิ์ รักตพงษ์ไพศาล,กระทรวงทรัพยากรธรรมชาติและสิ่งแวดล้อม,ไทยรักไทย,2001-02-09,2005-03-11
51,ทักษิณ ชินวัตร,รัฐมนตรีว่าการ,พงศ์เทพ เทพกาญจนา,กระทรวงพลังงาน,ไทยรักไทย,2001-02-09,2005-03-11
51,ทักษิณ ชินวัตร,รัฐมนตรีว่าการ,สุพัฒนพงษ์ พันธ์มีเชาว์,กระทรวงพาณิชย์,ไทยรักไทย,2001-02-09,2005-03-11
51,ทักษิณ ชินวัตร,รัฐมนตรีว่าการ,ภูมิธรรม เวชยชัย,กระทรวงมหาดไทย,ไทยรักไทย,2001-02-09,2005-03-11
51,ทักษิณ ชินวัตร,รัฐมนตรีว่าการ,จาตุรนต์ ฉายแสง,กระทรวงยุติธรรม,ไทยรักไทย,2001-02-09,2005-03-11
51,ทักษิณ ชินวัตร,รัฐมนตรีว่าการ,เฉลิม อยู่บำรุง,กระทรวงแรงงาน,ไทยรักไทย,2001-02-09,2005-03-11
51,ทักษิณ ชินวัตร,รัฐมนตรีว่าการ,สุวัจน์ ลิปตพัลลภ,กระทรวงวัฒนธรรม,ชาติพัฒนา,2001-02-09,2005-03-11
51,ทักษิณ ชินวัตร,รัฐมนตรีว่าการ,จาตุรนต์ ฉายแสง,กระทรวงศึกษาธิการ,ไทยรักไทย,2001-02-09,2005-03-11
51,ทักษิณ ชินวัตร,รัฐมนตรีว่าการ,สุพรรณ สุภักดี,กระทรวงสาธารณสุข,ไทยรักไทย,2001-02-09,2005-03-11
51,ทักษิณ ชินวัตร,รัฐมนตรีว่าการ,ปลอดประสพ สุรัสวดี,กระทรวงอุดมศึกษา วิทยาศาสตร์ วิจัยและนวัตกรรม,ไทยรักไทย,2001-02-09,2005-03-11
51,ทักษิณ ชินวัตร,รัฐมนตรีว่าการ,วัฒนา เมืองสุข,กระทรวงอุตสาหกรรม,ไทยรักไทย,2001-02-09,2005-03-11
50,ชวน หลีกภัย,นายกรัฐมนตรี,ชวน หลีกภัย,สำนักนายกรัฐมนตรี,ประชาธิปัตย์,1997-11-09,2001-02-09
50,ชวน หลีกภัย,รัฐมนตรีว่าการ,ชวน หลีกภัย,กระทรวงกลาโหม,ประชาธิปัตย์,1997-11-09,2001-02-09
50,ชวน หลีกภัย,รัฐมนตรีว่าการ,กรณ์ จาติกวณิช,กระทรวงการคลัง,ประชาธิปัตย์,1997-11-09,2001-02-09
50,ชวน หลีกภัย,รัฐมนตรีว่าการ,สุรเกียรติ์ เสถียรไทย,กระทรวงการต่างประเทศ,ประชาธิปัตย์,1997-11-09,2001-02-09
50,ชวน หลีกภัย,รัฐมนตรีว่าการ,สุวัจน์ ลิปตพัลลภ,กระทรวงการท่องเที่ยวและกีฬา,ชาติพัฒนา,1997-11-09,2001-02-09
50,ชวน หลีกภัย,รัฐมนตรีว่าการ,สนธิรัตน์ สนธิจิรวงศ์,กระทรวงการพัฒนาสังคมและความมั่นคงของมนุษย์,ประชาธิปัตย์,1997-11-09,2001-02-09
50,ชวน หลีกภัย,รัฐมนตรีว่าการ,ธีระ วงศ์สมุทร,กระทรวงเกษตรและสหกรณ์,ชาติพัฒนา,1997-11-09,2001-02-09
50,ชวน หลีกภัย,รัฐมนตรีว่าการ,ศุภชัย ปทุมรัตน์,กระทรวงคมนาคม,ประชาธิปัตย์,1997-11-09,2001-02-09
50,ชวน หลีกภัย,รัฐมนตรีว่าการ,สุรพงษ์ สืบวงศ์ลี,กระทรวงดิจิทัลเพื่อเศรษฐกิจและสังคม,ประชาธิปัตย์,1997-11-09,2001-02-09
50,ชวน หลีกภัย,รัฐมนตรีว่าการ,ปลอดประสพ สุรัสวดี,กระทรวงทรัพยากรธรรมชาติและสิ่งแวดล้อม,ประชาธิปัตย์,1997-11-09,2001-02-09
50,ชวน หลีกภัย,รัฐมนตรีว่าการ,พงศ์เทพ เทพกาญจนา,กระทรวงพลังงาน,ประชาธิปัตย์,1997-11-09,2001-02-09
50,ชวน หลีกภัย,รัฐมนตรีว่าการ,สุพัฒนพงษ์ พันธ์มีเชาว์,กระทรวงพาณิชย์,ประชาธิปัตย์,1997-11-09,2001-02-09
50,ชวน หลีกภัย,รัฐมนตรีว่าการ,ชวรัตน์ ชาญวีรกูล,กระทรวงมหาดไทย,ภูมิใจไทย,1997-11-09,2001-02-09
50,ชวน หลีกภัย,รัฐมนตรีว่าการ,สมศักดิ์ เทพสุทิน,กระทรวงยุติธรรม,ประชาธิปัตย์,1997-11-09,2001-02-09
50,ชวน หลีกภัย,รัฐมนตรีว่าการ,เฉลิม อยู่บำรุง,กระทรวงแรงงาน,ประชาธิปัตย์,1997-11-09,2001-02-09
50,ชวน หลีกภัย,รัฐมนตรีว่าการ,วีระ โรจน์พงศ์,กระทรวงวัฒนธรรม,ประชาธิปัตย์,1997-11-09,2001-02-09
50,ชวน หลีกภัย,รัฐมนตรีว่าการ,ชินวรณ์ บุณยเกียรติ,กระทรวงศึกษาธิการ,ประชาธิปัตย์,1997-11-09,2001-02-09
50,ชวน หลีกภัย,รัฐมนตรีว่าการ,วิทยา แก้วภราดัย,กระทรวงสาธารณสุข,ประชาธิปัตย์,1997-11-09,2001-02-09
50,ชวน หลีกภัย,รัฐมนตรีว่าการ,ปลอดประสพ สุรัสวดี,กระทรวงอุดมศึกษา วิทยาศาสตร์ วิจัยและนวัตกรรม,ประชาธิปัตย์,1997-11-09,2001-02-09
50,ชวน หลีกภัย,รัฐมนตรีว่าการ,วัฒนา เมืองสุข,กระทรวงอุตสาหกรรม,ประชาธิปัตย์,1997-11-09,2001-02-09
49,บรรหาร ศิลปอาชา,นายกรัฐมนตรี,บรรหาร ศิลปอาชา,สำนักนายกรัฐมนตรี,ชาติไทย,1995-07-13,1996-11-24
49,บรรหาร ศิลปอาชา,รัฐมนตรีว่าการ,บรรหาร ศิลปอาชา,กระทรวงกลาโหม,ชาติไทย,1995-07-13,1996-11-24
49,บรรหาร ศิลปอาชา,รัฐมนตรีว่าการ,สมคิด จาตุศรีพิทักษ์,กระทรวงการคลัง,ชาติไทย,1995-07-13,1996-11-24
49,บรรหาร ศิลปอาชา,รัฐมนตรีว่าการ,สุรเกียรติ์ เสถียรไทย,กระทรวงการต่างประเทศ,ชาติไทย,1995-07-13,1996-11-24
49,บรรหาร ศิลปอาชา,รัฐมนตรีว่าการ,สุวัจน์ ลิปตพัลลภ,กระทรวงการท่องเที่ยวและกีฬา,ชาติพัฒนา,1995-07-13,1996-11-24
49,บรรหาร ศิลปอาชา,รัฐมนตรีว่าการ,วราเทพ รัตนากร,กระทรวงการพัฒนาสังคมและความมั่นคงของมนุษย์,ชาติไทย,1995-07-13,1996-11-24
49,บรรหาร ศิลปอาชา,รัฐมนตรีว่าการ,ธีระ วงศ์สมุทร,กระทรวงเกษตรและสหกรณ์,ชาติพัฒนา,1995-07-13,1996-11-24
49,บรรหาร ศิลปอาชา,รัฐมนตรีว่าการ,พงศักดิ์ รักตพงษ์ไพศาล,กระทรวงคมนาคม,ชาติไทย,1995-07-13,1996-11-24
49,บรรหาร ศิลปอาชา,รัฐมนตรีว่าการ,สุริยะ จึงรุ่งเรืองกิจ,กระทรวงดิจิทัลเพื่อเศรษฐกิจและสังคม,ชาติไทย,1995-07-13,1996-11-24
49,บรรหาร ศิลปอาชา,รัฐมนตรีว่าการ,ปลอดประสพ สุรัสวดี,กระทรวงทรัพยากรธรรมชาติและสิ่งแวดล้อม,ชาติไทย,1995-07-13,1996-11-24
49,บรรหาร ศิลปอาชา,รัฐมนตรีว่าการ,พงศ์เทพ เทพกาญจนา,กระทรวงพลังงาน,ชาติไทย,1995-07-13,1996-11-24
49,บรรหาร ศิลปอาชา,รัฐมนตรีว่าการ,สุพัฒนพงษ์ พันธ์มีเชาว์,กระทรวงพาณิชย์,ชาติไทย,1995-07-13,1996-11-24
49,บรรหาร ศิลปอาชา,รัฐมนตรีว่าการ,เสนาะ เทียนทอง,กระทรวงมหาดไทย,ชาติไทย,1995-07-13,1996-11-24
49,บรรหาร ศิลปอาชา,รัฐมนตรีว่าการ,ชาญชัย ศรีสุข,กระทรวงยุติธรรม,ชาติไทย,1995-07-13,1996-11-24
49,บรรหาร ศิลปอาชา,รัฐมนตรีว่าการ,สรวงศ์ เทียนทอง,กระทรวงแรงงาน,ชาติไทย,1995-07-13,1996-11-24
49,บรรหาร ศิลปอาชา,รัฐมนตรีว่าการ,วีระ โรจน์พงศ์,กระทรวงวัฒนธรรม,ชาติไทย,1995-07-13,1996-11-24
49,บรรหาร ศิลปอาชา,รัฐมนตรีว่าการ,ชินวรณ์ บุณยเกียรติ,กระทรวงศึกษาธิการ,ชาติไทย,1995-07-13,1996-11-24
49,บรรหาร ศิลปอาชา,รัฐมนตรีว่าการ,มงคล ณ สงขลา,กระทรวงสาธารณสุข,ชาติไทย,1995-07-13,1996-11-24
49,บรรหาร ศิลปอาชา,รัฐมนตรีว่าการ,ปลอดประสพ สุรัสวดี,กระทรวงอุดมศึกษา วิทยาศาสตร์ วิจัยและนวัตกรรม,ชาติไทย,1995-07-13,1996-11-24
49,บรรหาร ศิลปอาชา,รัฐมนตรีว่าการ,วัฒนา เมืองสุข,กระทรวงอุตสาหกรรม,ชาติไทย,1995-07-13,1996-11-24
48,ชวลิต ยงใจยุทธ,นายกรัฐมนตรี,ชวลิต ยงใจยุทธ,สำนักนายกรัฐมนตรี,ความหวังใหม่,1996-11-25,1997-11-08
48,ชวลิต ยงใจยุทธ,รัฐมนตรีว่าการ,ชวลิต ยงใจยุทธ,กระทรวงกลาโหม,ความหวังใหม่,1996-11-25,1997-11-08
48,ชวลิต ยงใจยุทธ,รัฐมนตรีว่าการ,ปรีดิยาธร เทวกุล,กระทรวงการคลัง,ความหวังใหม่,1996-11-25,1997-11-08
48,ชวลิต ยงใจยุทธ,รัฐมนตรีว่าการ,สุรเกียรติ์ เสถียรไทย,กระทรวงการต่างประเทศ,ความหวังใหม่,1996-11-25,1997-11-08
48,ชวลิต ยงใจยุทธ,รัฐมนตรีว่าการ,สุวัจน์ ลิปตพัลลภ,กระทรวงการท่องเที่ยวและกีฬา,ชาติพัฒนา,1996-11-25,1997-11-08
48,ชวลิต ยงใจยุทธ,รัฐมนตรีว่าการ,วราเทพ รัตนากร,กระทรวงการพัฒนาสังคมและความมั่นคงของมนุษย์,ความหวังใหม่,1996-11-25,1997-11-08
48,ชวลิต ยงใจยุทธ,รัฐมนตรีว่าการ,ธีระ วงศ์สมุทร,กระทรวงเกษตรและสหกรณ์,ชาติพัฒนา,1996-11-25,1997-11-08
48,ชวลิต ยงใจยุทธ,รัฐมนตรีว่าการ,พงศักดิ์ รักตพงษ์ไพศาล,กระทรวงคมนาคม,ความหวังใหม่,1996-11-25,1997-11-08
48,ชวลิต ยงใจยุทธ,รัฐมนตรีว่าการ,สุริยะ จึงรุ่งเรืองกิจ,กระทรวงดิจิทัลเพื่อเศรษฐกิจและสังคม,ความหวังใหม่,1996-11-25,1997-11-08
48,ชวลิต ยงใจยุทธ,รัฐมนตรีว่าการ,ปลอดประสพ สุรัสวดี,กระทรวงทรัพยากรธรรมชาติและสิ่งแวดล้อม,ความหวังใหม่,1996-11-25,1997-11-08
48,ชวลิต ยงใจยุทธ,รัฐมนตรีว่าการ,พงศ์เทพ เทพกาญจนา,กระทรวงพลังงาน,ความหวังใหม่,1996-11-25,1997-11-08
48,ชวลิต ยงใจยุทธ,รัฐมนตรีว่าการ,สุพัฒนพงษ์ พันธ์มีเชาว์,กระทรวงพาณิชย์,ความหวังใหม่,1996-11-25,1997-11-08
48,ชวลิต ยงใจยุทธ,รัฐมนตรีว่าการ,เสนาะ เทียนทอง,กระทรวงมหาดไทย,ความหวังใหม่,1996-11-25,1997-11-08
48,ชวลิต ยงใจยุทธ,รัฐมนตรีว่าการ,ชาญชัย ศรีสุข,กระทรวงยุติธรรม,ความหวังใหม่,1996-11-25,1997-11-08
48,ชวลิต ยงใจยุทธ,รัฐมนตรีว่าการ,สรวงศ์ เทียนทอง,กระทรวงแรงงาน,ความหวังใหม่,1996-11-25,1997-11-08
48,ชวลิต ยงใจยุทธ,รัฐมนตรีว่าการ,วีระ โรจน์พงศ์,กระทรวงวัฒนธรรม,ความหวังใหม่,1996-11-25,1997-11-08
48,ชวลิต ยงใจยุทธ,รัฐมนตรีว่าการ,ชินวรณ์ บุณยเกียรติ,กระทรวงศึกษาธิการ,ความหวังใหม่,1996-11-25,1997-11-08
48,ชวลิต ยงใจยุทธ,รัฐมนตรีว่าการ,มงคล ณ สงขลา,กระทรวงสาธารณสุข,ความหวังใหม่,1996-11-25,1997-11-08
48,ชวลิต ยงใจยุทธ,รัฐมนตรีว่าการ,ปลอดประสพ สุรัสวดี,กระทรวงอุดมศึกษา วิทยาศาสตร์ วิจัยและนวัตกรรม,ความหวังใหม่,1996-11-25,1997-11-08
48,ชวลิต ยงใจยุทธ,รัฐมนตรีว่าการ,วัฒนา เมืองสุข,กระทรวงอุตสาหกรรม,ความหวังใหม่,1996-11-25,1997-11-08
47,ชวน หลีกภัย,นายกรัฐมนตรี,ชวน หลีกภัย,สำนักนายกรัฐมนตรี,ประชาธิปัตย์,1997-11-09,2001-02-09
47,ชวน หลีกภัย,รัฐมนตรีว่าการ,ชวน หลีกภัย,กระทรวงกลาโหม,ประชาธิปัตย์,1997-11-09,2001-02-09
47,ชวน หลีกภัย,รัฐมนตรีว่าการ,กรณ์ จาติกวณิช,กระทรวงการคลัง,ประชาธิปัตย์,1997-11-09,2001-02-09
47,ชวน หลีกภัย,รัฐมนตรีว่าการ,สุรเกียรติ์ เสถียรไทย,กระทรวงการต่างประเทศ,ประชาธิปัตย์,1997-11-09,2001-02-09
47,ชวน หลีกภัย,รัฐมนตรีว่าการ,สุวัจน์ ลิปตพัลลภ,กระทรวงการท่องเที่ยวและกีฬา,ชาติพัฒนา,1997-11-09,2001-02-09
47,ชวน หลีกภัย,รัฐมนตรีว่าการ,สนธิรัตน์ สนธิจิรวงศ์,กระทรวงการพัฒนาสังคมและความมั่นคงของมนุษย์,ประชาธิปัตย์,1997-11-09,2001-02-09
47,ชวน หลีกภัย,รัฐมนตรีว่าการ,ธีระ วงศ์สมุทร,กระทรวงเกษตรและสหกรณ์,ชาติพัฒนา,1997-11-09,2001-02-09
47,ชวน หลีกภัย,รัฐมนตรีว่าการ,ศุภชัย ปทุมรัตน์,กระทรวงคมนาคม,ประชาธิปัตย์,1997-11-09,2001-02-09
47,ชวน หลีกภัย,รัฐมนตรีว่าการ,สุรพงษ์ สืบวงศ์ลี,กระทรวงดิจิทัลเพื่อเศรษฐกิจและสังคม,ประชาธิปัตย์,1997-11-09,2001-02-09
47,ชวน หลีกภัย,รัฐมนตรีว่าการ,ปลอดประสพ สุรัสวดี,กระทรวงทรัพยากรธรรมชาติและสิ่งแวดล้อม,ประชาธิปัตย์,1997-11-09,2001-02-09
47,ชวน หลีกภัย,รัฐมนตรีว่าการ,พงศ์เทพ เทพกาญจนา,กระทรวงพลังงาน,ประชาธิปัตย์,1997-11-09,2001-02-09
47,ชวน หลีกภัย,รัฐมนตรีว่าการ,สุพัฒนพงษ์ พันธ์มีเชาว์,กระทรวงพาณิชย์,ประชาธิปัตย์,1997-11-09,2001-02-09
47,ชวน หลีกภัย,รัฐมนตรีว่าการ,ชวรัตน์ ชาญวีรกูล,กระทรวงมหาดไทย,ภูมิใจไทย,1997-11-09,2001-02-09
47,ชวน หลีกภัย,รัฐมนตรีว่าการ,สมศักดิ์ เทพสุทิน,กระทรวงยุติธรรม,ประชาธิปัตย์,1997-11-09,2001-02-09
47,ชวน หลีกภัย,รัฐมนตรีว่าการ,เฉลิม อยู่บำรุง,กระทรวงแรงงาน,ประชาธิปัตย์,1997-11-09,2001-02-09
47,ชวน หลีกภัย,รัฐมนตรีว่าการ,วีระ โรจน์พงศ์,กระทรวงวัฒนธรรม,ประชาธิปัตย์,1997-11-09,2001-02-09
47,ชวน หลีกภัย,รัฐมนตรีว่าการ,ชินวรณ์ บุณยเกียรติ,กระทรวงศึกษาธิการ,ประชาธิปัตย์,1997-11-09,2001-02-09
47,ชวน หลีกภัย,รัฐมนตรีว่าการ,วิทยา แก้วภราดัย,กระทรวงสาธารณสุข,ประชาธิปัตย์,1997-11-09,2001-02-09
47,ชวน หลีกภัย,รัฐมนตรีว่าการ,ปลอดประสพ สุรัสวดี,กระทรวงอุดมศึกษา วิทยาศาสตร์ วิจัยและนวัตกรรม,ประชาธิปัตย์,1997-11-09,2001-02-09
47,ชวน หลีกภัย,รัฐมนตรีว่าการ,วัฒนา เมืองสุข,กระทรวงอุตสาหกรรม,ประชาธิปัตย์,1997-11-09,2001-02-09
46,บรรหาร ศิลปอาชา,นายกรัฐมนตรี,บรรหาร ศิลปอาชา,สำนักนายกรัฐมนตรี,ชาติไทย,1995-07-13,1996-11-24
46,บรรหาร ศิลปอาชา,รัฐมนตรีว่าการ,บรรหาร ศิลปอาชา,กระทรวงกลาโหม,ชาติไทย,1995-07-13,1996-11-24
46,บรรหาร ศิลปอาชา,รัฐมนตรีว่าการ,สมคิด จาตุศรีพิทักษ์,กระทรวงการคลัง,ชาติไทย,1995-07-13,1996-11-24
46,บรรหาร ศิลปอาชา,รัฐมนตรีว่าการ,สุรเกียรติ์ เสถียรไทย,กระทรวงการต่างประเทศ,ชาติไทย,1995-07-13,1996-11-24
46,บรรหาร ศิลปอาชา,รัฐมนตรีว่าการ,สุวัจน์ ลิปตพัลลภ,กระทรวงการท่องเที่ยวและกีฬา,ชาติพัฒนา,1995-07-13,1996-11-24
46,บรรหาร ศิลปอาชา,รัฐมนตรีว่าการ,วราเทพ รัตนากร,กระทรวงการพัฒนาสังคมและความมั่นคงของมนุษย์,ชาติไทย,1995-07-13,1996-11-24
46,บรรหาร ศิลปอาชา,รัฐมนตรีว่าการ,ธีระ วงศ์สมุทร,กระทรวงเกษตรและสหกรณ์,ชาติพัฒนา,1995-07-13,1996-11-24
46,บรรหาร ศิลปอาชา,รัฐมนตรีว่าการ,พงศักดิ์ รักตพงษ์ไพศาล,กระทรวงคมนาคม,ชาติไทย,1995-07-13,1996-11-24
46,บรรหาร ศิลปอาชา,รัฐมนตรีว่าการ,สุริยะ จึงรุ่งเรืองกิจ,กระทรวงดิจิทัลเพื่อเศรษฐกิจและสังคม,ชาติไทย,1995-07-13,1996-11-24
46,บรรหาร ศิลปอาชา,รัฐมนตรีว่าการ,ปลอดประสพ สุรัสวดี,กระทรวงทรัพยากรธรรมชาติและสิ่งแวดล้อม,ชาติไทย,1995-07-13,1996-11-24
46,บรรหาร ศิลปอาชา,รัฐมนตรีว่าการ,พงศ์เทพ เทพกาญจนา,กระทรวงพลังงาน,ชาติไทย,1995-07-13,1996-11-24
46,บรรหาร ศิลปอาชา,รัฐมนตรีว่าการ,สุพัฒนพงษ์ พันธ์มีเชาว์,กระทรวงพาณิชย์,ชาติไทย,1995-07-13,1996-11-24
46,บรรหาร ศิลปอาชา,รัฐมนตรีว่าการ,เสนาะ เทียนทอง,กระทรวงมหาดไทย,ชาติไทย,1995-07-13,1996-11-24
46,บรรหาร ศิลปอาชา,รัฐมนตรีว่าการ,ชาญชัย ศรีสุข,กระทรวงยุติธรรม,ชาติไทย,1995-07-13,1996-11-24
46,บรรหาร ศิลปอาชา,รัฐมนตรีว่าการ,สรวงศ์ เทียนทอง,กระทรวงแรงงาน,ชาติไทย,1995-07-13,1996-11-24
46,บรรหาร ศิลปอาชา,รัฐมนตรีว่าการ,วีระ โรจน์พงศ์,กระทรวงวัฒนธรรม,ชาติไทย,1995-07-13,1996-11-24
46,บรรหาร ศิลปอาชา,รัฐมนตรีว่าการ,ชินวรณ์ บุณยเกียรติ,กระทรวงศึกษาธิการ,ชาติไทย,1995-07-13,1996-11-24
46,บรรหาร ศิลปอาชา,รัฐมนตรีว่าการ,มงคล ณ สงขลา,กระทรวงสาธารณสุข,ชาติไทย,1995-07-13,1996-11-24
46,บรรหาร ศิลปอาชา,รัฐมนตรีว่าการ,ปลอดประสพ สุรัสวดี,กระทรวงอุดมศึกษา วิทยาศาสตร์ วิจัยและนวัตกรรม,ชาติไทย,1995-07-13,1996-11-24
46,บรรหาร ศิลปอาชา,รัฐมนตรีว่าการ,วัฒนา เมืองสุข,กระทรวงอุตสาหกรรม,ชาติไทย,1995-07-13,1996-11-24
45,ชวน หลีกภัย,นายกรัฐมนตรี,ชวน หลีกภัย,สำนักนายกรัฐมนตรี,ประชาธิปัตย์,1992-09-23,1995-07-12
45,ชวน หลีกภัย,รัฐมนตรีว่าการ,ชวน หลีกภัย,กระทรวงกลาโหม,ประชาธิปัตย์,1992-09-23,1995-07-12
45,ชวน หลีกภัย,รัฐมนตรีว่าการ,บรรหาร ศิลปอาชา,กระทรวงการคลัง,ชาติไทย,1992-09-23,1995-07-12
45,ชวน หลีกภัย,รัฐมนตรีว่าการ,สุรเกียรติ์ เสถียรไทย,กระทรวงการต่างประเทศ,ประชาธิปัตย์,1992-09-23,1995-07-12
45,ชวน หลีกภัย,รัฐมนตรีว่าการ,สุวัจน์ ลิปตพัลลภ,กระทรวงการท่องเที่ยวและกีฬา,ชาติพัฒนา,1992-09-23,1995-07-12
45,ชวน หลีกภัย,รัฐมนตรีว่าการ,สันติ พร้อมพัฒน์,กระทรวงการพัฒนาสังคมและความมั่นคงของมนุษย์,ชาติไทย,1992-09-23,1995-07-12
45,ชวน หลีกภัย,รัฐมนตรีว่าการ,ธีระ วงศ์สมุทร,กระทรวงเกษตรและสหกรณ์,ชาติพัฒนา,1992-09-23,1995-07-12
45,ชวน หลีกภัย,รัฐมนตรีว่าการ,ศุภชัย ปทุมรัตน์,กระทรวงคมนาคม,ประชาธิปัตย์,1992-09-23,1995-07-12
45,ชวน หลีกภัย,รัฐมนตรีว่าการ,สุรพงษ์ สืบวงศ์ลี,กระทรวงดิจิทัลเพื่อเศรษฐกิจและสังคม,ประชาธิปัตย์,1992-09-23,1995-07-12
45,ชวน หลีกภัย,รัฐมนตรีว่าการ,ปลอดประสพ สุรัสวดี,กระทรวงทรัพยากรธรรมชาติและสิ่งแวดล้อม,ประชาธิปัตย์,1992-09-23,1995-07-12
45,ชวน หลีกภัย,รัฐมนตรีว่าการ,พงศ์เทพ เทพกาญจนา,กระทรวงพลังงาน,ประชาธิปัตย์,1992-09-23,1995-07-12
45,ชวน หลีกภัย,รัฐมนตรีว่าการ,สุพัฒนพงษ์ พันธ์มีเชาว์,กระทรวงพาณิชย์,ประชาธิปัตย์,1992-09-23,1995-07-12
45,ชวน หลีกภัย,รัฐมนตรีว่าการ,ชวรัตน์ ชาญวีรกูล,กระทรวงมหาดไทย,ภูมิใจไทย,1992-09-23,1995-07-12
45,ชวน หลีกภัย,รัฐมนตรีว่าการ,สมศักดิ์ เทพสุทิน,กระทรวงยุติธรรม,ชาติไทย,1992-09-23,1995-07-12
45,ชวน หลีกภัย,รัฐมนตรีว่าการ,เฉลิม อยู่บำรุง,กระทรวงแรงงาน,ประชาธิปัตย์,1992-09-23,1995-07-12
45,ชวน หลีกภัย,รัฐมนตรีว่าการ,วีระ โรจน์พงศ์,กระทรวงวัฒนธรรม,ประชาธิปัตย์,1992-09-23,1995-07-12
45,ชวน หลีกภัย,รัฐมนตรีว่าการ,ชินวรณ์ บุณยเกียรติ,กระทรวงศึกษาธิการ,ประชาธิปัตย์,1992-09-23,1995-07-12
45,ชวน หลีกภัย,รัฐมนตรีว่าการ,วิทยา แก้วภราดัย,กระทรวงสาธารณสุข,ประชาธิปัตย์,1992-09-23,1995-07-12
45,ชวน หลีกภัย,รัฐมนตรีว่าการ,ปลอดประสพ สุรัสวดี,กระทรวงอุดมศึกษา วิทยาศาสตร์ วิจัยและนวัตกรรม,ประชาธิปัตย์,1992-09-23,1995-07-12
45,ชวน หลีกภัย,รัฐมนตรีว่าการ,วัฒนา เมืองสุข,กระทรวงอุตสาหกรรม,ประชาธิปัตย์,1992-09-23,1995-07-12
44,อานันท์ ปันยารชุน,นายกรัฐมนตรี,อานันท์ ปันยารชุน,สำนักนายกรัฐมนตรี,ไม่สังกัดพรรค,1991-03-02,1992-09-23
44,อานันท์ ปันยารชุน,รัฐมนตรีว่าการ,อานันท์ ปันยารชุน,กระทรวงกลาโหม,ไม่สังกัดพรรค,1991-03-02,1992-09-23
44,อานันท์ ปันยารชุน,รัฐมนตรีว่าการ,ปรีดิยาธร เทวกุล,กระทรวงการคลัง,ไม่สังกัดพรรค,1991-03-02,1992-09-23
44,อานันท์ ปันยารชุน,รัฐมนตรีว่าการ,อาทิตย์ อุไรรัตน์,กระทรวงการต่างประเทศ,ไม่สังกัดพรรค,1991-03-02,1992-09-23
44,อานันท์ ปันยารชุน,รัฐมนตรีว่าการ,พิพัฒน์ รัชกิจประการ,กระทรวงการท่องเที่ยวและกีฬา,ไม่สังกัดพรรค,1991-03-02,1992-09-23
44,อานันท์ ปันยารชุน,รัฐมนตรีว่าการ,บรรหาร ศิลปอาชา,กระทรวงการพัฒนาสังคมและความมั่นคงของมนุษย์,ชาติไทย,1991-03-02,1992-09-23
44,อานันท์ ปันยารชุน,รัฐมนตรีว่าการ,ธีระ วงศ์สมุทร,กระทรวงเกษตรและสหกรณ์,ชาติไทย,1991-03-02,1992-09-23
44,อานันท์ ปันยารชุน,รัฐมนตรีว่าการ,ศุภชัย ปทุมรัตน์,กระทรวงคมนาคม,ไม่สังกัดพรรค,1991-03-02,1992-09-23
44,อานันท์ ปันยารชุน,รัฐมนตรีว่าการ,สุรพงษ์ สืบวงศ์ลี,กระทรวงดิจิทัลเพื่อเศรษฐกิจและสังคม,ไม่สังกัดพรรค,1991-03-02,1992-09-23
44,อานันท์ ปันยารชุน,รัฐมนตรีว่าการ,ปลอดประสพ สุรัสวดี,กระทรวงทรัพยากรธรรมชาติและสิ่งแวดล้อม,ไม่สังกัดพรรค,1991-03-02,1992-09-23
44,อานันท์ ปันยารชุน,รัฐมนตรีว่าการ,พงศ์เทพ เทพกาญจนา,กระทรวงพลังงาน,ไม่สังกัดพรรค,1991-03-02,1992-09-23
44,อานันท์ ปันยารชุน,รัฐมนตรีว่าการ,สุพัฒนพงษ์ พันธ์มีเชาว์,กระทรวงพาณิชย์,ไม่สังกัดพรรค,1991-03-02,1992-09-23
44,อานันท์ ปันยารชุน,รัฐมนตรีว่าการ,ชวรัตน์ ชาญวีรกูล,กระทรวงมหาดไทย,ชาติไทย,1991-03-02,1992-09-23
44,อานันท์ ปันยารชุน,รัฐมนตรีว่าการ,สมศักดิ์ เทพสุทิน,กระทรวงยุติธรรม,ชาติไทย,1991-03-02,1992-09-23
44,อานันท์ ปันยารชุน,รัฐมนตรีว่าการ,เฉลิม อยู่บำรุง,กระทรวงแรงงาน,ไม่สังกัดพรรค,1991-03-02,1992-09-23
44,อานันท์ ปันยารชุน,รัฐมนตรีว่าการ,วีระ โรจน์พงศ์,กระทรวงวัฒนธรรม,ไม่สังกัดพรรค,1991-03-02,1992-09-23
44,อานันท์ ปันยารชุน,รัฐมนตรีว่าการ,ชินวรณ์ บุณยเกียรติ,กระทรวงศึกษาธิการ,ไม่สังกัดพรรค,1991-03-02,1992-09-23
44,อานันท์ ปันยารชุน,รัฐมนตรีว่าการ,มงคล ณ สงขลา,กระทรวงสาธารณสุข,ไม่สังกัดพรรค,1991-03-02,1992-09-23
44,อานันท์ ปันยารชุน,รัฐมนตรีว่าการ,ปลอดประสพ สุรัสวดี,กระทรวงอุดมศึกษา วิทยาศาสตร์ วิจัยและนวัตกรรม,ไม่สังกัดพรรค,1991-03-02,1992-09-23
44,อานันท์ ปันยารชุน,รัฐมนตรีว่าการ,วัฒนา เมืองสุข,กระทรวงอุตสาหกรรม,ไม่สังกัดพรรค,1991-03-02,1992-09-23
43,ชาติชาย ชุณหะวัณ,นายกรัฐมนตรี,ชาติชาย ชุณหะวัณ,สำนักนายกรัฐมนตรี,ชาติไทย,1988-08-04,1991-02-23
43,ชาติชาย ชุณหะวัณ,รัฐมนตรีว่าการ,ชาติชาย ชุณหะวัณ,กระทรวงกลาโหม,ชาติไทย,1988-08-04,1991-02-23
43,ชาติชาย ชุณหะวัณ,รัฐมนตรีว่าการ,บรรหาร ศิลปอาชา,กระทรวงการคลัง,ชาติไทย,1988-08-04,1991-02-23
43,ชาติชาย ชุณหะวัณ,รัฐมนตรีว่าการ,สิทธิชัย ศรีสุข,กระทรวงการต่างประเทศ,ชาติไทย,1988-08-04,1991-02-23
43,ชาติชาย ชุณหะวัณ,รัฐมนตรีว่าการ,สุวัจน์ ลิปตพัลลภ,กระทรวงการท่องเที่ยวและกีฬา,ชาติพัฒนา,1988-08-04,1991-02-23
43,ชาติชาย ชุณหะวัณ,รัฐมนตรีว่าการ,สันติ พร้อมพัฒน์,กระทรวงการพัฒนาสังคมและความมั่นคงของมนุษย์,ชาติไทย,1988-08-04,1991-02-23
43,ชาติชาย ชุณหะวัณ,รัฐมนตรีว่าการ,ธีระ วงศ์สมุทร,กระทรวงเกษตรและสหกรณ์,ชาติพัฒนา,1988-08-04,1991-02-23
43,ชาติชาย ชุณหะวัณ,รัฐมนตรีว่าการ,ศุภชัย ปทุมรัตน์,กระทรวงคมนาคม,ชาติไทย,1988-08-04,1991-02-23
43,ชาติชาย ชุณหะวัณ,รัฐมนตรีว่าการ,สุรพงษ์ สืบวงศ์ลี,กระทรวงดิจิทัลเพื่อเศรษฐกิจและสังคม,ชาติไทย,1988-08-04,1991-02-23
43,ชาติชาย ชุณหะวัณ,รัฐมนตรีว่าการ,ปลอดประสพ สุรัสวดี,กระทรวงทรัพยากรธรรมชาติและสิ่งแวดล้อม,ชาติไทย,1988-08-04,1991-02-23
43,ชาติชาย ชุณหะวัณ,รัฐมนตรีว่าการ,พงศ์เทพ เทพกาญจนา,กระทรวงพลังงาน,ชาติไทย,1988-08-04,1991-02-23
43,ชาติชาย ชุณหะวัณ,รัฐมนตรีว่าการ,สุพัฒนพงษ์ พันธ์มีเชาว์,กระทรวงพาณิชย์,ชาติไทย,1988-08-04,1991-02-23
43,ชาติชาย ชุณหะวัณ,รัฐมนตรีว่าการ,ชวรัตน์ ชาญวีรกูล,กระทรวงมหาดไทย,ชาติไทย,1988-08-04,1991-02-23
43,ชาติชาย ชุณหะวัณ,รัฐมนตรีว่าการ,สมศักดิ์ เทพสุทิน,กระทรวงยุติธรรม,ชาติไทย,1988-08-04,1991-02-23
43,ชาติชาย ชุณหะวัณ,รัฐมนตรีว่าการ,เฉลิม อยู่บำรุง,กระทรวงแรงงาน,ชาติไทย,1988-08-04,1991-02-23
43,ชาติชาย ชุณหะวัณ,รัฐมนตรีว่าการ,วีระ โรจน์พงศ์,กระทรวงวัฒนธรรม,ชาติไทย,1988-08-04,1991-02-23
43,ชาติชาย ชุณหะวัณ,รัฐมนตรีว่าการ,ชินวรณ์ บุณยเกียรติ,กระทรวงศึกษาธิการ,ชาติไทย,1988-08-04,1991-02-23
43,ชาติชาย ชุณหะวัณ,รัฐมนตรีว่าการ,มงคล ณ สงขลา,กระทรวงสาธารณสุข,ชาติไทย,1988-08-04,1991-02-23
43,ชาติชาย ชุณหะวัณ,รัฐมนตรีว่าการ,ปลอดประสพ สุรัสวดี,กระทรวงอุดมศึกษา วิทยาศาสตร์ วิจัยและนวัตกรรม,ชาติไทย,1988-08-04,1991-02-23
43,ชาติชาย ชุณหะวัณ,รัฐมนตรีว่าการ,วัฒนา เมืองสุข,กระทรวงอุตสาหกรรม,ชาติไทย,1988-08-04,1991-02-23